date_key,date,division_key,division,population_2022_census,area_km2,population_density_per_km2,latitude,longitude,cases_raw_extracted,metric_a_raw_extracted,metric_b_raw_extracted,cases_modeled_daily,metric_b_modeled_daily,cases_modeled_cumulative,cases_daily_per_million,cases_cumulative_per_million,cases_rolling_7d,cases_rolling_7d_avg,vax_coverage_avg,vax_coverage_min,vax_coverage_max,vax_coverage_capped_100,coverage_gap_to_95_pct_points,coverage_status,risk_score_0_100,risk_band,risk_note,case_metric_interpretation,has_uploaded_case_row,has_uploaded_vax_row,zero_or_blank_case_extract_flag,early_cumulative_phase_flag,coverage_gt_100_flag,vax_duplicate_reading_flag,case_source_file,vax_source_files
20260404,2026-04-04,barishal,Barishal,9100102,13297,684.3725652402798,22.7,90.37,0.0,0.0,0.0,0.0,0.0,0.0,0.0,0.0,0.0,0.0,,,,,,No data,0.0,No Data,No uploaded case rows; add DGHS/WHO/UNICEF subnational outbreak feed,No uploaded case row for this division,False,False,False,True,False,False,No uploaded source row,No uploaded source row
20260405,2026-04-05,barishal,Barishal,9100102,13297,684.3725652402798,22.7,90.37,0.0,0.0,0.0,0.0,0.0,0.0,0.0,0.0,0.0,0.0,,,,,,No data,0.0,No Data,No uploaded case rows; add DGHS/WHO/UNICEF subnational outbreak feed,No uploaded case row for this division,False,False,False,True,False,False,No uploaded source row,No uploaded source row
20260406,2026-04-06,barishal,Barishal,9100102,13297,684.3725652402798,22.7,90.37,0.0,0.0,0.0,0.0,0.0,0.0,0.0,0.0,0.0,0.0,,,,,,No data,0.0,No Data,No uploaded case rows; add DGHS/WHO/UNICEF subnational outbreak feed,No uploaded case row for this division,False,False,False,True,False,False,No uploaded source row,No uploaded source row
20260407,2026-04-07,barishal,Barishal,9100102,13297,684.3725652402798,22.7,90.37,0.0,0.0,0.0,0.0,0.0,0.0,0.0,0.0,0.0,0.0,,,,,,No data,0.0,No Data,No uploaded case rows; add DGHS/WHO/UNICEF subnational outbreak feed,No uploaded case row for this division,False,False,False,True,False,False,No uploaded source row,No uploaded source row
20260408,2026-04-08,barishal,Barishal,9100102,13297,684.3725652402798,22.7,90.37,0.0,0.0,0.0,0.0,0.0,0.0,0.0,0.0,0.0,0.0,,,,,,No data,0.0,No Data,No uploaded case rows; add DGHS/WHO/UNICEF subnational outbreak feed,No uploaded case row for this division,False,False,False,True,False,False,No uploaded source row,No uploaded source row
20260409,2026-04-09,barishal,Barishal,9100102,13297,684.3725652402798,22.7,90.37,0.0,0.0,0.0,0.0,0.0,0.0,0.0,0.0,0.0,0.0,,,,,,No data,0.0,No Data,No uploaded case rows; add DGHS/WHO/UNICEF subnational outbreak feed,No uploaded case row for this division,False,False,False,False,False,False,No uploaded source row,No uploaded source row
20260410,2026-04-10,barishal,Barishal,9100102,13297,684.3725652402798,22.7,90.37,0.0,0.0,0.0,0.0,0.0,0.0,0.0,0.0,0.0,0.0,,,,,,No data,0.0,No Data,No uploaded case rows; add DGHS/WHO/UNICEF subnational outbreak feed,No uploaded case row for this division,False,False,False,False,False,False,No uploaded source row,No uploaded source row
20260411,2026-04-11,barishal,Barishal,9100102,13297,684.3725652402798,22.7,90.37,0.0,0.0,0.0,0.0,0.0,0.0,0.0,0.0,0.0,0.0,,,,,,No data,0.0,No Data,No uploaded case rows; add DGHS/WHO/UNICEF subnational outbreak feed,No uploaded case row for this division,False,False,False,False,False,False,No uploaded source row,No uploaded source row
20260412,2026-04-12,barishal,Barishal,9100102,13297,684.3725652402798,22.7,90.37,0.0,0.0,0.0,0.0,0.0,0.0,0.0,0.0,0.0,0.0,,,,,,No data,0.0,No Data,No uploaded case rows; add DGHS/WHO/UNICEF subnational outbreak feed,No uploaded case row for this division,False,False,False,False,False,False,No uploaded source row,No uploaded source row
20260413,2026-04-13,barishal,Barishal,9100102,13297,684.3725652402798,22.7,90.37,0.0,0.0,0.0,0.0,0.0,0.0,0.0,0.0,0.0,0.0,,,,,,No data,0.0,No Data,No uploaded case rows; add DGHS/WHO/UNICEF subnational outbreak feed,No uploaded case row for this division,False,False,False,False,False,False,No uploaded source row,No uploaded source row
20260414,2026-04-14,barishal,Barishal,9100102,13297,684.3725652402798,22.7,90.37,0.0,0.0,0.0,0.0,0.0,0.0,0.0,0.0,0.0,0.0,,,,,,No data,0.0,No Data,No uploaded case rows; add DGHS/WHO/UNICEF subnational outbreak feed,No uploaded case row for this division,False,False,False,False,False,False,No uploaded source row,No uploaded source row
20260415,2026-04-15,barishal,Barishal,9100102,13297,684.3725652402798,22.7,90.37,0.0,0.0,0.0,0.0,0.0,0.0,0.0,0.0,0.0,0.0,,,,,,No data,0.0,No Data,No uploaded case rows; add DGHS/WHO/UNICEF subnational outbreak feed,No uploaded case row for this division,False,False,False,False,False,False,No uploaded source row,No uploaded source row
20260416,2026-04-16,barishal,Barishal,9100102,13297,684.3725652402798,22.7,90.37,0.0,0.0,0.0,0.0,0.0,0.0,0.0,0.0,0.0,0.0,,,,,,No data,0.0,No Data,No uploaded case rows; add DGHS/WHO/UNICEF subnational outbreak feed,No uploaded case row for this division,False,False,False,False,False,False,No uploaded source row,No uploaded source row
20260417,2026-04-17,barishal,Barishal,9100102,13297,684.3725652402798,22.7,90.37,0.0,0.0,0.0,0.0,0.0,0.0,0.0,0.0,0.0,0.0,,,,,,No data,0.0,No Data,No uploaded case rows; add DGHS/WHO/UNICEF subnational outbreak feed,No uploaded case row for this division,False,False,False,False,False,False,No uploaded source row,No uploaded source row
20260418,2026-04-18,barishal,Barishal,9100102,13297,684.3725652402798,22.7,90.37,0.0,0.0,0.0,0.0,0.0,0.0,0.0,0.0,0.0,0.0,,,,,,No data,0.0,No Data,No uploaded case rows; add DGHS/WHO/UNICEF subnational outbreak feed,No uploaded case row for this division,False,False,False,False,False,False,No uploaded source row,No uploaded source row
20260419,2026-04-19,barishal,Barishal,9100102,13297,684.3725652402798,22.7,90.37,0.0,0.0,0.0,0.0,0.0,0.0,0.0,0.0,0.0,0.0,,,,,,No data,0.0,No Data,No uploaded case rows; add DGHS/WHO/UNICEF subnational outbreak feed,No uploaded case row for this division,False,False,False,False,False,False,No uploaded source row,No uploaded source row
20260420,2026-04-20,barishal,Barishal,9100102,13297,684.3725652402798,22.7,90.37,0.0,0.0,0.0,0.0,0.0,0.0,0.0,0.0,0.0,0.0,,,,,,No data,0.0,No Data,No uploaded case rows; add DGHS/WHO/UNICEF subnational outbreak feed,No uploaded case row for this division,False,False,False,False,False,False,No uploaded source row,No uploaded source row
20260421,2026-04-21,barishal,Barishal,9100102,13297,684.3725652402798,22.7,90.37,0.0,0.0,0.0,0.0,0.0,0.0,0.0,0.0,0.0,0.0,,,,,,No data,0.0,No Data,No uploaded case rows; add DGHS/WHO/UNICEF subnational outbreak feed,No uploaded case row for this division,False,False,False,False,False,False,No uploaded source row,No uploaded source row
20260422,2026-04-22,barishal,Barishal,9100102,13297,684.3725652402798,22.7,90.37,0.0,0.0,0.0,0.0,0.0,0.0,0.0,0.0,0.0,0.0,,,,,,No data,0.0,No Data,No uploaded case rows; add DGHS/WHO/UNICEF subnational outbreak feed,No uploaded case row for this division,False,False,False,False,False,False,No uploaded source row,No uploaded source row
20260423,2026-04-23,barishal,Barishal,9100102,13297,684.3725652402798,22.7,90.37,0.0,0.0,0.0,0.0,0.0,0.0,0.0,0.0,0.0,0.0,,,,,,No data,0.0,No Data,No uploaded case rows; add DGHS/WHO/UNICEF subnational outbreak feed,No uploaded case row for this division,False,False,False,False,False,False,No uploaded source row,No uploaded source row
20260424,2026-04-24,barishal,Barishal,9100102,13297,684.3725652402798,22.7,90.37,0.0,0.0,0.0,0.0,0.0,0.0,0.0,0.0,0.0,0.0,,,,,,No data,0.0,No Data,No uploaded case rows; add DGHS/WHO/UNICEF subnational outbreak feed,No uploaded case row for this division,False,False,False,False,False,False,No uploaded source row,No uploaded source row
20260425,2026-04-25,barishal,Barishal,9100102,13297,684.3725652402798,22.7,90.37,0.0,0.0,0.0,0.0,0.0,0.0,0.0,0.0,0.0,0.0,,,,,,No data,0.0,No Data,No uploaded case rows; add DGHS/WHO/UNICEF subnational outbreak feed,No uploaded case row for this division,False,False,False,False,False,False,No uploaded source row,No uploaded source row
20260426,2026-04-26,barishal,Barishal,9100102,13297,684.3725652402798,22.7,90.37,0.0,0.0,0.0,0.0,0.0,0.0,0.0,0.0,0.0,0.0,,,,,,No data,0.0,No Data,No uploaded case rows; add DGHS/WHO/UNICEF subnational outbreak feed,No uploaded case row for this division,False,False,False,False,False,False,No uploaded source row,No uploaded source row
20260427,2026-04-27,barishal,Barishal,9100102,13297,684.3725652402798,22.7,90.37,0.0,0.0,0.0,0.0,0.0,0.0,0.0,0.0,0.0,0.0,,,,,,No data,0.0,No Data,No uploaded case rows; add DGHS/WHO/UNICEF subnational outbreak feed,No uploaded case row for this division,False,False,False,False,False,False,No uploaded source row,No uploaded source row
20260428,2026-04-28,barishal,Barishal,9100102,13297,684.3725652402798,22.7,90.37,0.0,0.0,0.0,0.0,0.0,0.0,0.0,0.0,0.0,0.0,,,,,,No data,0.0,No Data,No uploaded case rows; add DGHS/WHO/UNICEF subnational outbreak feed,No uploaded case row for this division,False,False,False,False,False,False,No uploaded source row,No uploaded source row
20260429,2026-04-29,barishal,Barishal,9100102,13297,684.3725652402798,22.7,90.37,0.0,0.0,0.0,0.0,0.0,0.0,0.0,0.0,0.0,0.0,,,,,,No data,0.0,No Data,No uploaded case rows; add DGHS/WHO/UNICEF subnational outbreak feed,No uploaded case row for this division,False,False,False,False,False,False,No uploaded source row,No uploaded source row
20260430,2026-04-30,barishal,Barishal,9100102,13297,684.3725652402798,22.7,90.37,0.0,0.0,0.0,0.0,0.0,0.0,0.0,0.0,0.0,0.0,,,,,,No data,0.0,No Data,No uploaded case rows; add DGHS/WHO/UNICEF subnational outbreak feed,No uploaded case row for this division,False,False,False,False,False,False,No uploaded source row,No uploaded source row
20260501,2026-05-01,barishal,Barishal,9100102,13297,684.3725652402798,22.7,90.37,0.0,0.0,0.0,0.0,0.0,0.0,0.0,0.0,0.0,0.0,,,,,,No data,0.0,No Data,No uploaded case rows; add DGHS/WHO/UNICEF subnational outbreak feed,No uploaded case row for this division,False,False,False,False,False,False,No uploaded source row,No uploaded source row
20260502,2026-05-02,barishal,Barishal,9100102,13297,684.3725652402798,22.7,90.37,0.0,0.0,0.0,0.0,0.0,0.0,0.0,0.0,0.0,0.0,,,,,,No data,0.0,No Data,No uploaded case rows; add DGHS/WHO/UNICEF subnational outbreak feed,No uploaded case row for this division,False,False,False,False,False,False,No uploaded source row,No uploaded source row
20260503,2026-05-03,barishal,Barishal,9100102,13297,684.3725652402798,22.7,90.37,0.0,0.0,0.0,0.0,0.0,0.0,0.0,0.0,0.0,0.0,,,,,,No data,0.0,No Data,No uploaded case rows; add DGHS/WHO/UNICEF subnational outbreak feed,No uploaded case row for this division,False,False,False,False,False,False,No uploaded source row,No uploaded source row
20260504,2026-05-04,barishal,Barishal,9100102,13297,684.3725652402798,22.7,90.37,0.0,0.0,0.0,0.0,0.0,0.0,0.0,0.0,0.0,0.0,,,,,,No data,0.0,No Data,No uploaded case rows; add DGHS/WHO/UNICEF subnational outbreak feed,No uploaded case row for this division,False,False,False,False,False,False,No uploaded source row,No uploaded source row
20260505,2026-05-05,barishal,Barishal,9100102,13297,684.3725652402798,22.7,90.37,0.0,0.0,0.0,0.0,0.0,0.0,0.0,0.0,0.0,0.0,,,,,,No data,0.0,No Data,No uploaded case rows; add DGHS/WHO/UNICEF subnational outbreak feed,No uploaded case row for this division,False,False,False,False,False,False,No uploaded source row,No uploaded source row
20260506,2026-05-06,barishal,Barishal,9100102,13297,684.3725652402798,22.7,90.37,0.0,0.0,0.0,0.0,0.0,0.0,0.0,0.0,0.0,0.0,,,,,,No data,0.0,No Data,No uploaded case rows; add DGHS/WHO/UNICEF subnational outbreak feed,No uploaded case row for this division,False,False,False,False,False,False,No uploaded source row,No uploaded source row
20260507,2026-05-07,barishal,Barishal,9100102,13297,684.3725652402798,22.7,90.37,0.0,0.0,0.0,0.0,0.0,0.0,0.0,0.0,0.0,0.0,,,,,,No data,0.0,No Data,No uploaded case rows; add DGHS/WHO/UNICEF subnational outbreak feed,No uploaded case row for this division,False,False,False,False,False,False,No uploaded source row,No uploaded source row
20260508,2026-05-08,barishal,Barishal,9100102,13297,684.3725652402798,22.7,90.37,0.0,0.0,0.0,0.0,0.0,0.0,0.0,0.0,0.0,0.0,,,,,,No data,0.0,No Data,No uploaded case rows; add DGHS/WHO/UNICEF subnational outbreak feed,No uploaded case row for this division,False,False,False,False,False,False,No uploaded source row,No uploaded source row
20260509,2026-05-09,barishal,Barishal,9100102,13297,684.3725652402798,22.7,90.37,0.0,0.0,0.0,0.0,0.0,0.0,0.0,0.0,0.0,0.0,,,,,,No data,0.0,No Data,No uploaded case rows; add DGHS/WHO/UNICEF subnational outbreak feed,No uploaded case row for this division,False,False,False,False,False,False,No uploaded source row,No uploaded source row
20260510,2026-05-10,barishal,Barishal,9100102,13297,684.3725652402798,22.7,90.37,0.0,0.0,0.0,0.0,0.0,0.0,0.0,0.0,0.0,0.0,,,,,,No data,0.0,No Data,No uploaded case rows; add DGHS/WHO/UNICEF subnational outbreak feed,No uploaded case row for this division,False,False,False,False,False,False,No uploaded source row,No uploaded source row
20260511,2026-05-11,barishal,Barishal,9100102,13297,684.3725652402798,22.7,90.37,0.0,0.0,0.0,0.0,0.0,0.0,0.0,0.0,0.0,0.0,,,,,,No data,0.0,No Data,No uploaded case rows; add DGHS/WHO/UNICEF subnational outbreak feed,No uploaded case row for this division,False,False,False,False,False,False,No uploaded source row,No uploaded source row
20260404,2026-04-04,chattogram,Chattogram,33202326,33771,983.1608776761126,22.36,91.78,769.0,500.0,7.0,0.0,0.0,769.0,0.0,23.16102793521153,0.0,0.0,,,,,,No data,50.88231757364973,High,Calculated from uploaded data + population/coverage enrichment,Raw cases appear cumulative in early report phase,True,False,False,True,False,False,895771df-04d0-4aeb-9f8f-2014156b776b.pdf,No uploaded source row
20260405,2026-04-05,chattogram,Chattogram,33202326,33771,983.1608776761126,22.36,91.78,999.0,672.0,10.0,230.0,3.0,999.0,6.927225520284332,30.08825345549586,0.0,0.0,,,,,,No data,50.88231757364973,High,Calculated from uploaded data + population/coverage enrichment,Raw cases appear cumulative in early report phase,True,False,False,True,False,False,9e2edce9-d7fc-48da-ae19-57a1a521c0e6.pdf,No uploaded source row
20260406,2026-04-06,chattogram,Chattogram,33202326,33771,983.1608776761126,22.36,91.78,1170.0,712.0,10.0,171.0,0.0,1170.0,5.150241582472264,35.23849503796812,401.0,200.5,,,,,,No data,50.88231757364973,High,Calculated from uploaded data + population/coverage enrichment,Raw cases appear cumulative in early report phase,True,False,False,True,False,False,edadc3d0-4ae3-4d54-b095-23465dde3561.pdf,No uploaded source row
20260407,2026-04-07,chattogram,Chattogram,33202326,33771,983.1608776761126,22.36,91.78,1415.0,936.0,10.0,245.0,0.0,1415.0,7.37900109769418,42.6174961356623,646.0,215.33333333333331,,,,,,No data,50.88231757364973,High,Calculated from uploaded data + population/coverage enrichment,Raw cases appear cumulative in early report phase,True,False,False,True,False,False,53d218b6-39dc-471a-9908-37597d752f20.pdf,No uploaded source row
20260408,2026-04-08,chattogram,Chattogram,33202326,33771,983.1608776761126,22.36,91.78,1560.0,1062.0,10.0,145.0,0.0,1560.0,4.3671639149618615,46.98466005062416,791.0,197.75,,,,,,No data,50.88231757364973,High,Calculated from uploaded data + population/coverage enrichment,Raw cases appear cumulative in early report phase,True,False,False,True,False,False,ca075965-256b-43c8-9b12-aeb35e7ca044.pdf,No uploaded source row
20260409,2026-04-09,chattogram,Chattogram,33202326,33771,983.1608776761126,22.36,91.78,126.0,0.0,85.0,126.0,85.0,1686.0,3.794914850242721,50.77957490086688,917.0,183.4,,,,,,No data,50.88231757364973,High,Calculated from uploaded data + population/coverage enrichment,Raw cases appear daily/newly reported after early phase,True,False,False,False,False,False,851a956d-c2a6-45ce-9201-6905d467f634.pdf,No uploaded source row
20260410,2026-04-10,chattogram,Chattogram,33202326,33771,983.1608776761126,22.36,91.78,0.0,0.0,0.0,0.0,0.0,1686.0,0.0,50.77957490086688,917.0,183.4,,,,,,No data,50.88231757364973,High,Calculated from uploaded data + population/coverage enrichment,No uploaded row for this date/division,False,False,False,False,False,False,No uploaded source row,No uploaded source row
20260411,2026-04-11,chattogram,Chattogram,33202326,33771,983.1608776761126,22.36,91.78,99.0,0.0,68.0,99.0,68.0,1785.0,2.981718810904995,53.76129371177188,1016.0,169.33333333333334,,,,,,No data,50.88231757364973,High,Calculated from uploaded data + population/coverage enrichment,Raw cases appear daily/newly reported after early phase,True,False,False,False,False,False,051959af-648c-400c-84ec-2cb2adc35348.pdf,No uploaded source row
20260412,2026-04-12,chattogram,Chattogram,33202326,33771,983.1608776761126,22.36,91.78,112.0,0.0,120.0,112.0,120.0,1897.0,3.3732576446601965,57.13455135643208,898.0,149.66666666666666,,,,,,No data,50.88231757364973,High,Calculated from uploaded data + population/coverage enrichment,Raw cases appear daily/newly reported after early phase,True,False,False,False,False,False,ed553882-fdf7-4222-ad7d-4abb1093d2ec.pdf,No uploaded source row
20260413,2026-04-13,chattogram,Chattogram,33202326,33771,983.1608776761126,22.36,91.78,121.0,0.0,103.0,121.0,103.0,2018.0,3.644322991106105,60.778874347538185,848.0,141.33333333333334,,,,,,No data,50.88231757364973,High,Calculated from uploaded data + population/coverage enrichment,Raw cases appear daily/newly reported after early phase,True,False,False,False,False,False,d9d46c53-9bda-4466-8b9f-c144ca9ce3b6.pdf,No uploaded source row
20260414,2026-04-14,chattogram,Chattogram,33202326,33771,983.1608776761126,22.36,91.78,109.0,0.0,411.0,109.0,411.0,2127.0,3.282902529178227,64.06177687671641,712.0,118.66666666666669,,,,,,No data,50.88231757364973,High,Calculated from uploaded data + population/coverage enrichment,Raw cases appear daily/newly reported after early phase,True,False,False,False,False,False,ebfabb0a-4596-4c58-b26a-b80c830eecf2.pdf,No uploaded source row
20260415,2026-04-15,chattogram,Chattogram,33202326,33771,983.1608776761126,22.36,91.78,102.0,0.0,69.0,102.0,69.0,2229.0,3.0720739263869645,67.13385080310337,669.0,111.5,,,,,,No data,50.88231757364973,High,Calculated from uploaded data + population/coverage enrichment,Raw cases appear daily/newly reported after early phase,True,False,False,False,False,False,78804b73-cf2a-4880-a9ae-2d7161e13114.pdf,No uploaded source row
20260416,2026-04-16,chattogram,Chattogram,33202326,33771,983.1608776761126,22.36,91.78,140.0,0.0,110.0,140.0,110.0,2369.0,4.216572055825245,71.35042285892862,683.0,113.83333333333331,123.0,123.0,123.0,100.0,0.0,Meets 95% target,50.88231757364973,High,Calculated from uploaded data + population/coverage enrichment,Raw cases appear daily/newly reported after early phase,True,True,False,False,True,False,501f51e4-f446-4044-ac5f-30644a9288f1.pdf,501f51e4-f446-4044-ac5f-30644a9288f1.pdf
20260417,2026-04-17,chattogram,Chattogram,33202326,33771,983.1608776761126,22.36,91.78,133.0,0.0,115.0,133.0,115.0,2502.0,4.005743453033984,75.3561663119626,816.0,116.57142857142856,116.0,116.0,116.0,100.0,0.0,Meets 95% target,50.88231757364973,High,Calculated from uploaded data + population/coverage enrichment,Raw cases appear daily/newly reported after early phase,True,True,False,False,True,False,009ad3ca-2655-4ab3-a779-2802ba9b860b.pdf,009ad3ca-2655-4ab3-a779-2802ba9b860b.pdf
20260418,2026-04-18,chattogram,Chattogram,33202326,33771,983.1608776761126,22.36,91.78,92.0,0.0,64.0,92.0,64.0,2594.0,2.770890208113733,78.12705652007634,809.0,115.57142857142856,,,,,,No data,50.88231757364973,High,Calculated from uploaded data + population/coverage enrichment,Raw cases appear daily/newly reported after early phase,True,False,False,False,False,False,60c598de-df11-4bdd-b151-f9e8a08c848d.pdf,No uploaded source row
20260419,2026-04-19,chattogram,Chattogram,33202326,33771,983.1608776761126,22.36,91.78,154.0,0.0,113.0,154.0,113.0,2748.0,4.63822926140777,82.7652857814841,851.0,121.57142857142856,100.0,100.0,100.0,100.0,0.0,Meets 95% target,50.88231757364973,High,Calculated from uploaded data + population/coverage enrichment,Raw cases appear daily/newly reported after early phase,True,True,False,False,False,False,355f0db2-d34b-4e7c-81e7-65cc6d34b5ef.pdf,355f0db2-d34b-4e7c-81e7-65cc6d34b5ef.pdf
20260420,2026-04-20,chattogram,Chattogram,33202326,33771,983.1608776761126,22.36,91.78,157.0,0.0,166.0,157.0,166.0,2905.0,4.72858437688974,87.49387015837385,887.0,126.71428571428572,100.0,100.0,100.0,100.0,0.0,Meets 95% target,50.88231757364973,High,Calculated from uploaded data + population/coverage enrichment,Raw cases appear daily/newly reported after early phase,True,True,False,False,False,False,df35201c-7d6d-4caa-b524-260a7b0f7479.pdf,df35201c-7d6d-4caa-b524-260a7b0f7479.pdf
20260421,2026-04-21,chattogram,Chattogram,33202326,33771,983.1608776761126,22.36,91.78,162.0,0.0,122.0,162.0,122.0,3067.0,4.879176236026356,92.3730463944002,940.0,134.28571428571428,87.0,77.0,97.0,87.0,8.0,Low 80-89%,50.88231757364973,High,Calculated from uploaded data + population/coverage enrichment,Raw cases appear daily/newly reported after early phase,True,True,False,False,False,True,51b7b213-8277-4878-bdb4-838be5272105.pdf,51b7b213-8277-4878-bdb4-838be5272105.pdf
20260422,2026-04-22,chattogram,Chattogram,33202326,33771,983.1608776761126,22.36,91.78,192.0,0.0,131.0,192.0,131.0,3259.0,5.78272739084605,98.15577378524624,1030.0,147.14285714285714,,,,,,No data,50.88231757364973,High,Calculated from uploaded data + population/coverage enrichment,Raw cases appear daily/newly reported after early phase,True,False,False,False,False,False,cc6e4c1b-50ae-44bd-9d41-238acb41ac99.pdf,No uploaded source row
20260423,2026-04-23,chattogram,Chattogram,33202326,33771,983.1608776761126,22.36,91.78,168.0,0.0,146.0,168.0,146.0,3427.0,5.059886466990294,103.21566025223656,1058.0,151.14285714285714,,,,,,No data,50.88231757364973,High,Calculated from uploaded data + population/coverage enrichment,Raw cases appear daily/newly reported after early phase,True,False,False,False,False,False,5f159ac3-55ec-470b-ad8a-40f3642e7957.pdf,No uploaded source row
20260424,2026-04-24,chattogram,Chattogram,33202326,33771,983.1608776761126,22.36,91.78,165.0,0.0,121.0,165.0,121.0,3592.0,4.9695313515083255,108.18519160374488,1090.0,155.71428571428572,,,,,,No data,50.88231757364973,High,Calculated from uploaded data + population/coverage enrichment,Raw cases appear daily/newly reported after early phase,True,False,False,False,False,False,e66eb1d2-7472-4440-be96-c15bb880f15e.pdf,No uploaded source row
20260425,2026-04-25,chattogram,Chattogram,33202326,33771,983.1608776761126,22.36,91.78,0.0,0.0,0.0,0.0,0.0,3592.0,0.0,108.18519160374488,998.0,166.33333333333334,,,,,,No data,50.88231757364973,High,Calculated from uploaded data + population/coverage enrichment,"Likely missing/OCR extraction row, not trusted as true zero",True,False,True,False,False,False,734b0559-5ba3-4bc8-9b95-b37d791acf92.pdf,No uploaded source row
20260426,2026-04-26,chattogram,Chattogram,33202326,33771,983.1608776761126,22.36,91.78,178.0,0.0,145.0,178.0,145.0,3770.0,5.361070185263526,113.5462617890084,1022.0,170.33333333333334,,,,,,No data,50.88231757364973,High,Calculated from uploaded data + population/coverage enrichment,Raw cases appear daily/newly reported after early phase,True,False,False,False,False,False,1b00ae7a-c18d-4b22-8c21-c97268764ff6.pdf,No uploaded source row
20260427,2026-04-27,chattogram,Chattogram,33202326,33771,983.1608776761126,22.36,91.78,197.0,0.0,170.0,197.0,170.0,3967.0,5.933319249982667,119.47958103899106,1062.0,177.0,,,,,,No data,50.88231757364973,High,Calculated from uploaded data + population/coverage enrichment,Raw cases appear daily/newly reported after early phase,True,False,False,False,False,False,abb6445f-bcf8-471e-af5f-fec567f3cf62.pdf,No uploaded source row
20260428,2026-04-28,chattogram,Chattogram,33202326,33771,983.1608776761126,22.36,91.78,0.0,0.0,0.0,0.0,0.0,3967.0,0.0,119.47958103899106,900.0,180.0,,,,,,No data,50.88231757364973,High,Calculated from uploaded data + population/coverage enrichment,"Likely missing/OCR extraction row, not trusted as true zero",True,False,True,False,False,False,dea6de3a-6418-47bb-becd-6c4f2cfaf879.pdf,No uploaded source row
20260429,2026-04-29,chattogram,Chattogram,33202326,33771,983.1608776761126,22.36,91.78,0.0,0.0,0.0,0.0,0.0,3967.0,0.0,119.47958103899106,708.0,177.0,,,,,,No data,50.88231757364973,High,Calculated from uploaded data + population/coverage enrichment,"Likely missing/OCR extraction row, not trusted as true zero",True,False,True,False,False,False,996ee162-7b6c-49ad-ac52-48649efce18c.pdf,No uploaded source row
20260430,2026-04-30,chattogram,Chattogram,33202326,33771,983.1608776761126,22.36,91.78,0.0,0.0,0.0,0.0,0.0,3967.0,0.0,119.47958103899106,540.0,180.0,,,,,,No data,50.88231757364973,High,Calculated from uploaded data + population/coverage enrichment,"Likely missing/OCR extraction row, not trusted as true zero",True,False,True,False,False,False,0290733a-8726-4ce3-9971-c69d95994ef2.pdf,No uploaded source row
20260501,2026-05-01,chattogram,Chattogram,33202326,33771,983.1608776761126,22.36,91.78,0.0,173.0,0.0,0.0,0.0,3967.0,0.0,119.47958103899106,375.0,125.0,,,,,,No data,50.88231757364973,High,Calculated from uploaded data + population/coverage enrichment,Raw cases appear daily/newly reported after early phase,True,False,False,False,False,False,20c2c9f8-5556-447d-9e44-da3ad89dabb3.pdf,No uploaded source row
20260502,2026-05-02,chattogram,Chattogram,33202326,33771,983.1608776761126,22.36,91.78,0.0,0.0,0.0,0.0,0.0,3967.0,0.0,119.47958103899106,375.0,125.0,,,,,,No data,50.88231757364973,High,Calculated from uploaded data + population/coverage enrichment,"Likely missing/OCR extraction row, not trusted as true zero",True,False,True,False,False,False,8718ab9a-b8b0-4771-8171-1689be79acee.pdf,No uploaded source row
20260503,2026-05-03,chattogram,Chattogram,33202326,33771,983.1608776761126,22.36,91.78,156.0,0.0,159.0,156.0,159.0,4123.0,4.698466005062416,124.17804704405349,353.0,117.66666666666669,,,,,,No data,50.88231757364973,High,Calculated from uploaded data + population/coverage enrichment,Raw cases appear daily/newly reported after early phase,True,False,False,False,False,False,2d5f3eb0-70f1-4171-8e56-a83fc7804b3f.pdf,No uploaded source row
20260504,2026-05-04,chattogram,Chattogram,33202326,33771,983.1608776761126,22.36,91.78,0.0,0.0,0.0,0.0,0.0,4123.0,0.0,124.17804704405349,156.0,78.0,,,,,,No data,50.88231757364973,High,Calculated from uploaded data + population/coverage enrichment,"Likely missing/OCR extraction row, not trusted as true zero",True,False,True,False,False,False,013ded18-6af2-4f6f-bbf3-aa0e639c0258.pdf,No uploaded source row
20260505,2026-05-05,chattogram,Chattogram,33202326,33771,983.1608776761126,22.36,91.78,197.0,0.0,190.0,197.0,190.0,4320.0,5.933319249982667,130.11136629403617,353.0,117.66666666666669,,,,,,No data,50.88231757364973,High,Calculated from uploaded data + population/coverage enrichment,Raw cases appear daily/newly reported after early phase,True,False,False,False,False,False,de88d227-13ed-4af4-a910-0d93fea0d297.pdf,No uploaded source row
20260506,2026-05-06,chattogram,Chattogram,33202326,33771,983.1608776761126,22.36,91.78,200.0,0.0,163.0,200.0,163.0,4520.0,6.023674365464636,136.1350406595008,553.0,138.25,110.5,101.0,120.0,100.0,0.0,Meets 95% target,50.88231757364973,High,Calculated from uploaded data + population/coverage enrichment,Raw cases appear daily/newly reported after early phase,True,True,False,False,True,True,9e852147-7950-4eab-847d-1235f9c0d617.pdf,9e852147-7950-4eab-847d-1235f9c0d617.pdf
20260507,2026-05-07,chattogram,Chattogram,33202326,33771,983.1608776761126,22.36,91.78,0.0,0.0,0.0,0.0,0.0,4520.0,0.0,136.1350406595008,553.0,138.25,,,,,,No data,50.88231757364973,High,Calculated from uploaded data + population/coverage enrichment,"Likely missing/OCR extraction row, not trusted as true zero",True,False,True,False,False,False,b74eaa3f-69eb-467f-bd26-d54fa103d2bb.pdf,No uploaded source row
20260508,2026-05-08,chattogram,Chattogram,33202326,33771,983.1608776761126,22.36,91.78,212.0,0.0,217.0,212.0,217.0,4732.0,6.385094827392514,142.5201354868933,765.0,191.25,109.5,102.0,117.0,100.0,0.0,Meets 95% target,50.88231757364973,High,Calculated from uploaded data + population/coverage enrichment,Raw cases appear daily/newly reported after early phase,True,True,False,False,True,True,d7d30198-1c55-41fa-8c4f-33ec501d638b.pdf,d7d30198-1c55-41fa-8c4f-33ec501d638b.pdf
20260509,2026-05-09,chattogram,Chattogram,33202326,33771,983.1608776761126,22.36,91.78,160.0,0.0,158.0,160.0,158.0,4892.0,4.818939492371709,147.339074979265,925.0,185.0,,,,,,No data,50.88231757364973,High,Calculated from uploaded data + population/coverage enrichment,Raw cases appear daily/newly reported after early phase,True,False,False,False,False,False,eb0902c8-d064-45f7-914b-6d5963222198.pdf,No uploaded source row
20260510,2026-05-10,chattogram,Chattogram,33202326,33771,983.1608776761126,22.36,91.78,0.0,0.0,0.0,0.0,0.0,4892.0,0.0,147.339074979265,769.0,192.25,,,,,,No data,50.88231757364973,High,Calculated from uploaded data + population/coverage enrichment,No uploaded row for this date/division,False,False,False,False,False,False,No uploaded source row,No uploaded source row
20260511,2026-05-11,chattogram,Chattogram,33202326,33771,983.1608776761126,22.36,91.78,0.0,0.0,0.0,0.0,0.0,4892.0,0.0,147.339074979265,769.0,192.25,,,,,,No data,50.88231757364973,High,Calculated from uploaded data + population/coverage enrichment,No uploaded row for this date/division,False,False,False,False,False,False,No uploaded source row,No uploaded source row
20260404,2026-04-04,dhaka,Dhaka,44215107,20551,2151.482020339643,23.81,90.41,2769.0,2045.0,38.0,0.0,0.0,2769.0,0.0,62.62565416838186,0.0,0.0,,,,,,No data,75.0,High,Calculated from uploaded data + population/coverage enrichment,Raw cases appear cumulative in early report phase,True,False,False,True,False,False,895771df-04d0-4aeb-9f8f-2014156b776b.pdf,No uploaded source row
20260405,2026-04-05,dhaka,Dhaka,44215107,20551,2151.482020339643,23.81,90.41,3259.0,2436.0,40.0,490.0,2.0,3259.0,11.082185100219254,73.70783926860112,0.0,0.0,,,,,,No data,75.0,High,Calculated from uploaded data + population/coverage enrichment,Raw cases appear cumulative in early report phase,True,False,False,True,False,False,9e2edce9-d7fc-48da-ae19-57a1a521c0e6.pdf,No uploaded source row
20260406,2026-04-06,dhaka,Dhaka,44215107,20551,2151.482020339643,23.81,90.41,3652.0,2685.0,43.0,393.0,3.0,3652.0,8.888364784461563,82.59620405306268,883.0,441.5,,,,,,No data,75.0,High,Calculated from uploaded data + population/coverage enrichment,Raw cases appear cumulative in early report phase,True,False,False,True,False,False,edadc3d0-4ae3-4d54-b095-23465dde3561.pdf,No uploaded source row
20260407,2026-04-07,dhaka,Dhaka,44215107,20551,2151.482020339643,23.81,90.41,4160.0,2945.0,51.0,508.0,8.0,4160.0,11.489285777370164,94.08548983043283,1391.0,463.6666666666667,,,,,,No data,75.0,High,Calculated from uploaded data + population/coverage enrichment,Raw cases appear cumulative in early report phase,True,False,False,True,False,False,53d218b6-39dc-471a-9908-37597d752f20.pdf,No uploaded source row
20260408,2026-04-08,dhaka,Dhaka,44215107,20551,2151.482020339643,23.81,90.41,4667.0,3231.0,57.0,507.0,6.0,4667.0,11.466669073084004,105.55215890351684,1898.0,474.5,,,,,,No data,75.0,High,Calculated from uploaded data + population/coverage enrichment,Raw cases appear cumulative in early report phase,True,False,False,True,False,False,ca075965-256b-43c8-9b12-aeb35e7ca044.pdf,No uploaded source row
20260409,2026-04-09,dhaka,Dhaka,44215107,20551,2151.482020339643,23.81,90.41,261.0,0.0,237.0,261.0,237.0,4928.0,5.902959818688214,111.45511872220506,2159.0,431.8,,,,,,No data,75.0,High,Calculated from uploaded data + population/coverage enrichment,Raw cases appear daily/newly reported after early phase,True,False,False,False,False,False,851a956d-c2a6-45ce-9201-6905d467f634.pdf,No uploaded source row
20260410,2026-04-10,dhaka,Dhaka,44215107,20551,2151.482020339643,23.81,90.41,0.0,0.0,0.0,0.0,0.0,4928.0,0.0,111.45511872220506,2159.0,431.8,,,,,,No data,75.0,High,Calculated from uploaded data + population/coverage enrichment,No uploaded row for this date/division,False,False,False,False,False,False,No uploaded source row,No uploaded source row
20260411,2026-04-11,dhaka,Dhaka,44215107,20551,2151.482020339643,23.81,90.41,268.0,0.0,196.0,268.0,196.0,5196.0,6.061276748691347,117.5163954708964,2427.0,404.5,,,,,,No data,75.0,High,Calculated from uploaded data + population/coverage enrichment,Raw cases appear daily/newly reported after early phase,True,False,False,False,False,False,051959af-648c-400c-84ec-2cb2adc35348.pdf,No uploaded source row
20260412,2026-04-12,dhaka,Dhaka,44215107,20551,2151.482020339643,23.81,90.41,357.0,0.0,312.0,357.0,312.0,5553.0,8.074163430159741,125.59055890105616,2294.0,382.3333333333333,,,,,,No data,75.0,High,Calculated from uploaded data + population/coverage enrichment,Raw cases appear daily/newly reported after early phase,True,False,False,False,False,False,ed553882-fdf7-4222-ad7d-4abb1093d2ec.pdf,No uploaded source row
20260413,2026-04-13,dhaka,Dhaka,44215107,20551,2151.482020339643,23.81,90.41,274.0,0.0,305.0,274.0,305.0,5827.0,6.196976974408317,131.78753587546447,2175.0,362.5,,,,,,No data,75.0,High,Calculated from uploaded data + population/coverage enrichment,Raw cases appear daily/newly reported after early phase,True,False,False,False,False,False,d9d46c53-9bda-4466-8b9f-c144ca9ce3b6.pdf,No uploaded source row
20260414,2026-04-14,dhaka,Dhaka,44215107,20551,2151.482020339643,23.81,90.41,290.0,0.0,258.0,290.0,258.0,6117.0,6.558844242986905,138.34638011845135,1957.0,326.1666666666667,,,,,,No data,75.0,High,Calculated from uploaded data + population/coverage enrichment,Raw cases appear daily/newly reported after early phase,True,False,False,False,False,False,ebfabb0a-4596-4c58-b26a-b80c830eecf2.pdf,No uploaded source row
20260415,2026-04-15,dhaka,Dhaka,44215107,20551,2151.482020339643,23.81,90.41,315.0,0.0,205.0,315.0,205.0,6432.0,7.1242618501409485,145.47064196859233,1765.0,294.1666666666667,,,,,,No data,75.0,High,Calculated from uploaded data + population/coverage enrichment,Raw cases appear daily/newly reported after early phase,True,False,False,False,False,False,78804b73-cf2a-4880-a9ae-2d7161e13114.pdf,No uploaded source row
20260416,2026-04-16,dhaka,Dhaka,44215107,20551,2151.482020339643,23.81,90.41,358.0,0.0,353.0,358.0,353.0,6790.0,8.096780134445902,153.5674221030382,1862.0,310.3333333333333,92.0,92.0,92.0,92.0,3.0,Near target 90-94%,75.0,High,Calculated from uploaded data + population/coverage enrichment,Raw cases appear daily/newly reported after early phase,True,True,False,False,False,False,501f51e4-f446-4044-ac5f-30644a9288f1.pdf,501f51e4-f446-4044-ac5f-30644a9288f1.pdf
20260417,2026-04-17,dhaka,Dhaka,44215107,20551,2151.482020339643,23.81,90.41,357.0,0.0,313.0,357.0,313.0,7147.0,8.074163430159741,161.64158553319797,2219.0,317.0,92.33333333333331,89.0,95.0,92.33333333333331,2.6666666666666714,Near target 90-94%,75.0,High,Calculated from uploaded data + population/coverage enrichment,Raw cases appear daily/newly reported after early phase,True,True,False,False,False,True,009ad3ca-2655-4ab3-a779-2802ba9b860b.pdf,009ad3ca-2655-4ab3-a779-2802ba9b860b.pdf
20260418,2026-04-18,dhaka,Dhaka,44215107,20551,2151.482020339643,23.81,90.41,330.0,0.0,252.0,330.0,252.0,7477.0,7.463512414433374,169.10509794763132,2281.0,325.85714285714283,,,,,,No data,75.0,High,Calculated from uploaded data + population/coverage enrichment,Raw cases appear daily/newly reported after early phase,True,False,False,False,False,False,60c598de-df11-4bdd-b151-f9e8a08c848d.pdf,No uploaded source row
20260419,2026-04-19,dhaka,Dhaka,44215107,20551,2151.482020339643,23.81,90.41,361.0,0.0,300.0,361.0,300.0,7838.0,8.164630247304387,177.2697281949357,2285.0,326.42857142857144,92.66666666666669,90.0,95.0,92.66666666666669,2.3333333333333286,Near target 90-94%,75.0,High,Calculated from uploaded data + population/coverage enrichment,Raw cases appear daily/newly reported after early phase,True,True,False,False,False,True,355f0db2-d34b-4e7c-81e7-65cc6d34b5ef.pdf,355f0db2-d34b-4e7c-81e7-65cc6d34b5ef.pdf
20260420,2026-04-20,dhaka,Dhaka,44215107,20551,2151.482020339643,23.81,90.41,382.0,0.0,370.0,382.0,370.0,8220.0,8.639581037313786,185.9093092322495,2393.0,341.85714285714283,98.33333333333331,94.0,103.0,98.33333333333331,0.0,Meets 95% target,75.0,High,Calculated from uploaded data + population/coverage enrichment,Raw cases appear daily/newly reported after early phase,True,True,False,False,True,True,df35201c-7d6d-4caa-b524-260a7b0f7479.pdf,df35201c-7d6d-4caa-b524-260a7b0f7479.pdf
20260421,2026-04-21,dhaka,Dhaka,44215107,20551,2151.482020339643,23.81,90.41,445.0,0.0,389.0,445.0,389.0,8665.0,10.064433407341976,195.97374263959148,2548.0,364.0,96.66666666666669,93.0,103.0,96.66666666666669,0.0,Meets 95% target,75.0,High,Calculated from uploaded data + population/coverage enrichment,Raw cases appear daily/newly reported after early phase,True,True,False,False,True,True,51b7b213-8277-4878-bdb4-838be5272105.pdf,51b7b213-8277-4878-bdb4-838be5272105.pdf
20260422,2026-04-22,dhaka,Dhaka,44215107,20551,2151.482020339643,23.81,90.41,406.0,0.0,352.0,406.0,352.0,9071.0,9.182381940181669,205.15612457977315,2639.0,377.0,96.66666666666669,93.0,102.0,96.66666666666669,0.0,Meets 95% target,75.0,High,Calculated from uploaded data + population/coverage enrichment,Raw cases appear daily/newly reported after early phase,True,True,False,False,True,True,cc6e4c1b-50ae-44bd-9d41-238acb41ac99.pdf,cc6e4c1b-50ae-44bd-9d41-238acb41ac99.pdf
20260423,2026-04-23,dhaka,Dhaka,44215107,20551,2151.482020339643,23.81,90.41,355.0,0.0,420.0,355.0,420.0,9426.0,8.028930021587419,213.18505460136055,2636.0,376.57142857142856,96.66666666666669,93.0,101.0,96.66666666666669,0.0,Meets 95% target,75.0,High,Calculated from uploaded data + population/coverage enrichment,Raw cases appear daily/newly reported after early phase,True,True,False,False,True,True,5f159ac3-55ec-470b-ad8a-40f3642e7957.pdf,5f159ac3-55ec-470b-ad8a-40f3642e7957.pdf
20260424,2026-04-24,dhaka,Dhaka,44215107,20551,2151.482020339643,23.81,90.41,363.0,0.0,373.0,363.0,373.0,9789.0,8.209863655876712,221.3949182572373,2642.0,377.4285714285714,97.33333333333331,95.0,100.0,97.33333333333331,0.0,Meets 95% target,75.0,High,Calculated from uploaded data + population/coverage enrichment,Raw cases appear daily/newly reported after early phase,True,True,False,False,False,True,e66eb1d2-7472-4440-be96-c15bb880f15e.pdf,e66eb1d2-7472-4440-be96-c15bb880f15e.pdf
20260425,2026-04-25,dhaka,Dhaka,44215107,20551,2151.482020339643,23.81,90.41,0.0,0.0,0.0,0.0,0.0,9789.0,0.0,221.3949182572373,2312.0,385.3333333333333,,,,,,No data,75.0,High,Calculated from uploaded data + population/coverage enrichment,"Likely missing/OCR extraction row, not trusted as true zero",True,False,True,False,False,False,734b0559-5ba3-4bc8-9b95-b37d791acf92.pdf,No uploaded source row
20260426,2026-04-26,dhaka,Dhaka,44215107,20551,2151.482020339643,23.81,90.41,404.0,0.0,412.0,404.0,412.0,10193.0,9.137148531609345,230.53206678884663,2355.0,392.5,98.66666666666669,97.0,101.0,98.66666666666669,0.0,Meets 95% target,75.0,High,Calculated from uploaded data + population/coverage enrichment,Raw cases appear daily/newly reported after early phase,True,True,False,False,True,True,1b00ae7a-c18d-4b22-8c21-c97268764ff6.pdf,1b00ae7a-c18d-4b22-8c21-c97268764ff6.pdf
20260427,2026-04-27,dhaka,Dhaka,44215107,20551,2151.482020339643,23.81,90.41,465.0,0.0,491.0,465.0,491.0,10658.0,10.51676749306521,241.04883428191184,2438.0,406.3333333333333,98.33333333333331,97.0,100.0,98.33333333333331,0.0,Meets 95% target,75.0,High,Calculated from uploaded data + population/coverage enrichment,Raw cases appear daily/newly reported after early phase,True,True,False,False,False,True,abb6445f-bcf8-471e-af5f-fec567f3cf62.pdf,abb6445f-bcf8-471e-af5f-fec567f3cf62.pdf
20260428,2026-04-28,dhaka,Dhaka,44215107,20551,2151.482020339643,23.81,90.41,0.0,0.0,0.0,0.0,0.0,10658.0,0.0,241.04883428191184,1993.0,398.6,99.0,99.0,99.0,99.0,0.0,Meets 95% target,75.0,High,Calculated from uploaded data + population/coverage enrichment,"Likely missing/OCR extraction row, not trusted as true zero",True,True,True,False,False,False,dea6de3a-6418-47bb-becd-6c4f2cfaf879.pdf,dea6de3a-6418-47bb-becd-6c4f2cfaf879.pdf
20260429,2026-04-29,dhaka,Dhaka,44215107,20551,2151.482020339643,23.81,90.41,0.0,0.0,0.0,0.0,0.0,10658.0,0.0,241.04883428191184,1587.0,396.75,98.5,98.0,99.0,98.5,0.0,Meets 95% target,75.0,High,Calculated from uploaded data + population/coverage enrichment,"Likely missing/OCR extraction row, not trusted as true zero",True,True,True,False,False,True,996ee162-7b6c-49ad-ac52-48649efce18c.pdf,996ee162-7b6c-49ad-ac52-48649efce18c.pdf
20260430,2026-04-30,dhaka,Dhaka,44215107,20551,2151.482020339643,23.81,90.41,0.0,0.0,0.0,0.0,0.0,10658.0,0.0,241.04883428191184,1232.0,410.6666666666667,98.0,97.0,99.0,98.0,0.0,Meets 95% target,75.0,High,Calculated from uploaded data + population/coverage enrichment,"Likely missing/OCR extraction row, not trusted as true zero",True,True,True,False,False,True,0290733a-8726-4ce3-9971-c69d95994ef2.pdf,0290733a-8726-4ce3-9971-c69d95994ef2.pdf
20260501,2026-05-01,dhaka,Dhaka,44215107,20551,2151.482020339643,23.81,90.41,0.0,364.0,0.0,0.0,0.0,10658.0,0.0,241.04883428191184,869.0,289.6666666666667,98.66666666666669,97.0,100.0,98.66666666666669,0.0,Meets 95% target,75.0,High,Calculated from uploaded data + population/coverage enrichment,Raw cases appear daily/newly reported after early phase,True,True,False,False,False,True,20c2c9f8-5556-447d-9e44-da3ad89dabb3.pdf,20c2c9f8-5556-447d-9e44-da3ad89dabb3.pdf
20260502,2026-05-02,dhaka,Dhaka,44215107,20551,2151.482020339643,23.81,90.41,0.0,0.0,0.0,0.0,0.0,10658.0,0.0,241.04883428191184,869.0,289.6666666666667,,,,,,No data,75.0,High,Calculated from uploaded data + population/coverage enrichment,"Likely missing/OCR extraction row, not trusted as true zero",True,False,True,False,False,False,8718ab9a-b8b0-4771-8171-1689be79acee.pdf,No uploaded source row
20260503,2026-05-03,dhaka,Dhaka,44215107,20551,2151.482020339643,23.81,90.41,419.0,0.0,397.0,419.0,397.0,11077.0,9.47639909590177,250.5252333778136,884.0,294.6666666666667,99.66666666666669,98.0,101.0,99.66666666666669,0.0,Meets 95% target,75.0,High,Calculated from uploaded data + population/coverage enrichment,Raw cases appear daily/newly reported after early phase,True,True,False,False,True,True,2d5f3eb0-70f1-4171-8e56-a83fc7804b3f.pdf,2d5f3eb0-70f1-4171-8e56-a83fc7804b3f.pdf
20260504,2026-05-04,dhaka,Dhaka,44215107,20551,2151.482020339643,23.81,90.41,0.0,0.0,0.0,0.0,0.0,11077.0,0.0,250.5252333778136,419.0,209.5,99.66666666666669,98.0,101.0,99.66666666666669,0.0,Meets 95% target,75.0,High,Calculated from uploaded data + population/coverage enrichment,"Likely missing/OCR extraction row, not trusted as true zero",True,True,True,False,True,True,013ded18-6af2-4f6f-bbf3-aa0e639c0258.pdf,013ded18-6af2-4f6f-bbf3-aa0e639c0258.pdf
20260505,2026-05-05,dhaka,Dhaka,44215107,20551,2151.482020339643,23.81,90.41,417.0,0.0,644.0,417.0,644.0,11494.0,9.431165687329448,259.95639906514305,836.0,278.6666666666667,100.33333333333331,98.0,102.0,100.0,0.0,Meets 95% target,75.0,High,Calculated from uploaded data + population/coverage enrichment,Raw cases appear daily/newly reported after early phase,True,True,False,False,True,True,de88d227-13ed-4af4-a910-0d93fea0d297.pdf,de88d227-13ed-4af4-a910-0d93fea0d297.pdf
20260506,2026-05-06,dhaka,Dhaka,44215107,20551,2151.482020339643,23.81,90.41,450.0,0.0,384.0,450.0,384.0,11944.0,10.177516928772782,270.1339159939158,1286.0,321.5,100.33333333333331,98.0,102.0,100.0,0.0,Meets 95% target,75.0,High,Calculated from uploaded data + population/coverage enrichment,Raw cases appear daily/newly reported after early phase,True,True,False,False,True,True,9e852147-7950-4eab-847d-1235f9c0d617.pdf,9e852147-7950-4eab-847d-1235f9c0d617.pdf
20260507,2026-05-07,dhaka,Dhaka,44215107,20551,2151.482020339643,23.81,90.41,0.0,0.0,0.0,0.0,0.0,11944.0,0.0,270.1339159939158,1286.0,321.5,100.0,99.0,101.0,100.0,0.0,Meets 95% target,75.0,High,Calculated from uploaded data + population/coverage enrichment,"Likely missing/OCR extraction row, not trusted as true zero",True,True,True,False,True,True,b74eaa3f-69eb-467f-bd26-d54fa103d2bb.pdf,b74eaa3f-69eb-467f-bd26-d54fa103d2bb.pdf
20260508,2026-05-08,dhaka,Dhaka,44215107,20551,2151.482020339643,23.81,90.41,451.0,0.0,384.0,451.0,384.0,12395.0,10.200133633058943,280.3340496269748,1737.0,434.25,100.66666666666669,99.0,102.0,100.0,0.0,Meets 95% target,75.0,High,Calculated from uploaded data + population/coverage enrichment,Raw cases appear daily/newly reported after early phase,True,True,False,False,True,True,d7d30198-1c55-41fa-8c4f-33ec501d638b.pdf,d7d30198-1c55-41fa-8c4f-33ec501d638b.pdf
20260509,2026-05-09,dhaka,Dhaka,44215107,20551,2151.482020339643,23.81,90.41,353.0,0.0,241.0,353.0,241.0,12748.0,7.983696613015095,288.3177462399899,2090.0,418.0,,,,,,No data,75.0,High,Calculated from uploaded data + population/coverage enrichment,Raw cases appear daily/newly reported after early phase,True,False,False,False,False,False,eb0902c8-d064-45f7-914b-6d5963222198.pdf,No uploaded source row
20260510,2026-05-10,dhaka,Dhaka,44215107,20551,2151.482020339643,23.81,90.41,3.0,0.0,156.0,3.0,156.0,12751.0,0.0678501128584852,288.3855963528483,1674.0,334.8,101.0,99.0,103.0,100.0,0.0,Meets 95% target,75.0,High,Calculated from uploaded data + population/coverage enrichment,Raw cases appear daily/newly reported after early phase,True,True,False,False,True,True,758c39cc-643d-469e-9fd1-ce1adfd0bbad.pdf,758c39cc-643d-469e-9fd1-ce1adfd0bbad.pdf
20260511,2026-05-11,dhaka,Dhaka,44215107,20551,2151.482020339643,23.81,90.41,3.0,0.0,96.0,3.0,96.0,12754.0,0.0678501128584852,288.45344646570686,1677.0,279.5,101.0,99.0,103.0,100.0,0.0,Meets 95% target,75.0,High,Calculated from uploaded data + population/coverage enrichment,Raw cases appear daily/newly reported after early phase,True,True,False,False,True,True,8a09e9e6-374b-40e7-a112-80a5e11a552f.pdf,8a09e9e6-374b-40e7-a112-80a5e11a552f.pdf
20260404,2026-04-04,khulna,Khulna,17416645,22272,781.997350933908,22.82,89.55,631.0,468.0,1.0,0.0,0.0,631.0,0.0,36.22971014222315,0.0,0.0,,,,,,No data,45.27859762932759,Moderate,Calculated from uploaded data + population/coverage enrichment,Raw cases appear cumulative in early report phase,True,False,False,True,False,False,895771df-04d0-4aeb-9f8f-2014156b776b.pdf,No uploaded source row
20260405,2026-04-05,khulna,Khulna,17416645,22272,781.997350933908,22.82,89.55,683.0,515.0,6.0,52.0,5.0,683.0,2.985649647219657,39.2153597894428,0.0,0.0,,,,,,No data,45.27859762932759,Moderate,Calculated from uploaded data + population/coverage enrichment,Raw cases appear cumulative in early report phase,True,False,False,True,False,False,9e2edce9-d7fc-48da-ae19-57a1a521c0e6.pdf,No uploaded source row
20260406,2026-04-06,khulna,Khulna,17416645,22272,781.997350933908,22.82,89.55,767.0,577.0,6.0,84.0,0.0,767.0,4.822972507047138,44.03833229648994,136.0,68.0,,,,,,No data,45.27859762932759,Moderate,Calculated from uploaded data + population/coverage enrichment,Raw cases appear cumulative in early report phase,True,False,False,True,False,False,edadc3d0-4ae3-4d54-b095-23465dde3561.pdf,No uploaded source row
20260407,2026-04-07,khulna,Khulna,17416645,22272,781.997350933908,22.82,89.55,824.0,643.0,6.0,57.0,0.0,824.0,3.2727313440677004,47.31106364055764,193.0,64.33333333333333,,,,,,No data,45.27859762932759,Moderate,Calculated from uploaded data + population/coverage enrichment,Raw cases appear cumulative in early report phase,True,False,False,True,False,False,53d218b6-39dc-471a-9908-37597d752f20.pdf,No uploaded source row
20260408,2026-04-08,khulna,Khulna,17416645,22272,781.997350933908,22.82,89.55,942.0,715.0,7.0,118.0,1.0,942.0,6.775128045613837,54.08619168617148,311.0,77.75,,,,,,No data,45.27859762932759,Moderate,Calculated from uploaded data + population/coverage enrichment,Raw cases appear cumulative in early report phase,True,False,False,True,False,False,ca075965-256b-43c8-9b12-aeb35e7ca044.pdf,No uploaded source row
20260409,2026-04-09,khulna,Khulna,17416645,22272,781.997350933908,22.82,89.55,59.0,0.0,60.0,59.0,60.0,1001.0,3.3875640228069184,57.4737557089784,370.0,74.0,,,,,,No data,45.27859762932759,Moderate,Calculated from uploaded data + population/coverage enrichment,Raw cases appear daily/newly reported after early phase,True,False,False,False,False,False,851a956d-c2a6-45ce-9201-6905d467f634.pdf,No uploaded source row
20260410,2026-04-10,khulna,Khulna,17416645,22272,781.997350933908,22.82,89.55,0.0,0.0,0.0,0.0,0.0,1001.0,0.0,57.4737557089784,370.0,74.0,,,,,,No data,45.27859762932759,Moderate,Calculated from uploaded data + population/coverage enrichment,No uploaded row for this date/division,False,False,False,False,False,False,No uploaded source row,No uploaded source row
20260411,2026-04-11,khulna,Khulna,17416645,22272,781.997350933908,22.82,89.55,48.0,0.0,57.0,48.0,57.0,1049.0,2.755984289741221,60.229739998719616,418.0,69.66666666666667,,,,,,No data,45.27859762932759,Moderate,Calculated from uploaded data + population/coverage enrichment,Raw cases appear daily/newly reported after early phase,True,False,False,False,False,False,051959af-648c-400c-84ec-2cb2adc35348.pdf,No uploaded source row
20260412,2026-04-12,khulna,Khulna,17416645,22272,781.997350933908,22.82,89.55,90.0,0.0,37.0,90.0,37.0,1139.0,5.16747054326479,65.3972105419844,456.0,76.0,,,,,,No data,45.27859762932759,Moderate,Calculated from uploaded data + population/coverage enrichment,Raw cases appear daily/newly reported after early phase,True,False,False,False,False,False,ed553882-fdf7-4222-ad7d-4abb1093d2ec.pdf,No uploaded source row
20260413,2026-04-13,khulna,Khulna,17416645,22272,781.997350933908,22.82,89.55,118.0,0.0,103.0,118.0,103.0,1257.0,6.775128045613837,72.17233858759823,490.0,81.66666666666667,,,,,,No data,45.27859762932759,Moderate,Calculated from uploaded data + population/coverage enrichment,Raw cases appear daily/newly reported after early phase,True,False,False,False,False,False,d9d46c53-9bda-4466-8b9f-c144ca9ce3b6.pdf,No uploaded source row
20260414,2026-04-14,khulna,Khulna,17416645,22272,781.997350933908,22.82,89.55,76.0,0.0,79.0,76.0,79.0,1333.0,4.363641792090268,76.53598037968851,509.0,84.83333333333333,,,,,,No data,45.27859762932759,Moderate,Calculated from uploaded data + population/coverage enrichment,Raw cases appear daily/newly reported after early phase,True,False,False,False,False,False,ebfabb0a-4596-4c58-b26a-b80c830eecf2.pdf,No uploaded source row
20260415,2026-04-15,khulna,Khulna,17416645,22272,781.997350933908,22.82,89.55,68.0,0.0,94.0,68.0,94.0,1401.0,3.904311077133397,80.4402914568219,459.0,76.5,,,,,,No data,45.27859762932759,Moderate,Calculated from uploaded data + population/coverage enrichment,Raw cases appear daily/newly reported after early phase,True,False,False,False,False,False,78804b73-cf2a-4880-a9ae-2d7161e13114.pdf,No uploaded source row
20260416,2026-04-16,khulna,Khulna,17416645,22272,781.997350933908,22.82,89.55,97.0,0.0,60.0,97.0,60.0,1498.0,5.569384918852052,86.00967637567396,497.0,82.83333333333333,104.0,104.0,104.0,100.0,0.0,Meets 95% target,45.27859762932759,Moderate,Calculated from uploaded data + population/coverage enrichment,Raw cases appear daily/newly reported after early phase,True,True,False,False,True,False,501f51e4-f446-4044-ac5f-30644a9288f1.pdf,501f51e4-f446-4044-ac5f-30644a9288f1.pdf
20260417,2026-04-17,khulna,Khulna,17416645,22272,781.997350933908,22.82,89.55,73.0,0.0,118.0,73.0,118.0,1571.0,4.191392773981441,90.2010691496554,570.0,81.42857142857143,103.0,103.0,103.0,100.0,0.0,Meets 95% target,45.27859762932759,Moderate,Calculated from uploaded data + population/coverage enrichment,Raw cases appear daily/newly reported after early phase,True,True,False,False,True,False,009ad3ca-2655-4ab3-a779-2802ba9b860b.pdf,009ad3ca-2655-4ab3-a779-2802ba9b860b.pdf
20260418,2026-04-18,khulna,Khulna,17416645,22272,781.997350933908,22.82,89.55,44.0,0.0,68.0,44.0,68.0,1615.0,2.5263189322627864,92.7273880819182,566.0,80.85714285714286,,,,,,No data,45.27859762932759,Moderate,Calculated from uploaded data + population/coverage enrichment,Raw cases appear daily/newly reported after early phase,True,False,False,False,False,False,60c598de-df11-4bdd-b151-f9e8a08c848d.pdf,No uploaded source row
20260419,2026-04-19,khulna,Khulna,17416645,22272,781.997350933908,22.82,89.55,71.0,0.0,39.0,71.0,39.0,1686.0,4.0765600952422245,96.80394817716042,547.0,78.14285714285714,101.0,101.0,101.0,100.0,0.0,Meets 95% target,45.27859762932759,Moderate,Calculated from uploaded data + population/coverage enrichment,Raw cases appear daily/newly reported after early phase,True,True,False,False,True,False,355f0db2-d34b-4e7c-81e7-65cc6d34b5ef.pdf,355f0db2-d34b-4e7c-81e7-65cc6d34b5ef.pdf
20260420,2026-04-20,khulna,Khulna,17416645,22272,781.997350933908,22.82,89.55,88.0,0.0,87.0,88.0,87.0,1774.0,5.052637864525573,101.856586041686,517.0,73.85714285714286,100.0,100.0,100.0,100.0,0.0,Meets 95% target,45.27859762932759,Moderate,Calculated from uploaded data + population/coverage enrichment,Raw cases appear daily/newly reported after early phase,True,True,False,False,False,False,df35201c-7d6d-4caa-b524-260a7b0f7479.pdf,df35201c-7d6d-4caa-b524-260a7b0f7479.pdf
20260421,2026-04-21,khulna,Khulna,17416645,22272,781.997350933908,22.82,89.55,69.0,0.0,88.0,69.0,88.0,1843.0,3.9617274165030074,105.818313458189,510.0,72.85714285714286,85.0,74.0,96.0,85.0,10.0,Low 80-89%,45.27859762932759,Moderate,Calculated from uploaded data + population/coverage enrichment,Raw cases appear daily/newly reported after early phase,True,True,False,False,False,True,51b7b213-8277-4878-bdb4-838be5272105.pdf,51b7b213-8277-4878-bdb4-838be5272105.pdf
20260422,2026-04-22,khulna,Khulna,17416645,22272,781.997350933908,22.82,89.55,67.0,0.0,69.0,67.0,69.0,1910.0,3.846894737763789,109.66520819595276,509.0,72.71428571428571,88.5,81.0,96.0,88.5,6.5,Low 80-89%,45.27859762932759,Moderate,Calculated from uploaded data + population/coverage enrichment,Raw cases appear daily/newly reported after early phase,True,True,False,False,False,True,cc6e4c1b-50ae-44bd-9d41-238acb41ac99.pdf,cc6e4c1b-50ae-44bd-9d41-238acb41ac99.pdf
20260423,2026-04-23,khulna,Khulna,17416645,22272,781.997350933908,22.82,89.55,72.0,0.0,64.0,72.0,64.0,1982.0,4.133976434611832,113.7991846305646,484.0,69.14285714285714,86.5,76.0,97.0,86.5,8.5,Low 80-89%,45.27859762932759,Moderate,Calculated from uploaded data + population/coverage enrichment,Raw cases appear daily/newly reported after early phase,True,True,False,False,False,True,5f159ac3-55ec-470b-ad8a-40f3642e7957.pdf,5f159ac3-55ec-470b-ad8a-40f3642e7957.pdf
20260424,2026-04-24,khulna,Khulna,17416645,22272,781.997350933908,22.82,89.55,85.0,0.0,65.0,85.0,65.0,2067.0,4.880388846416746,118.67957347698136,496.0,70.85714285714286,82.0,67.0,97.0,82.0,13.0,Low 80-89%,45.27859762932759,Moderate,Calculated from uploaded data + population/coverage enrichment,Raw cases appear daily/newly reported after early phase,True,True,False,False,False,True,e66eb1d2-7472-4440-be96-c15bb880f15e.pdf,e66eb1d2-7472-4440-be96-c15bb880f15e.pdf
20260425,2026-04-25,khulna,Khulna,17416645,22272,781.997350933908,22.82,89.55,0.0,0.0,0.0,0.0,0.0,2067.0,0.0,118.67957347698136,452.0,75.33333333333333,,,,,,No data,45.27859762932759,Moderate,Calculated from uploaded data + population/coverage enrichment,"Likely missing/OCR extraction row, not trusted as true zero",True,False,True,False,False,False,734b0559-5ba3-4bc8-9b95-b37d791acf92.pdf,No uploaded source row
20260426,2026-04-26,khulna,Khulna,17416645,22272,781.997350933908,22.82,89.55,95.0,0.0,38.0,95.0,38.0,2162.0,5.454552240112835,124.1341257170942,476.0,79.33333333333333,90.5,84.0,97.0,90.5,4.5,Near target 90-94%,45.27859762932759,Moderate,Calculated from uploaded data + population/coverage enrichment,Raw cases appear daily/newly reported after early phase,True,True,False,False,False,True,1b00ae7a-c18d-4b22-8c21-c97268764ff6.pdf,1b00ae7a-c18d-4b22-8c21-c97268764ff6.pdf
20260427,2026-04-27,khulna,Khulna,17416645,22272,781.997350933908,22.82,89.55,73.0,0.0,103.0,73.0,103.0,2235.0,4.191392773981441,128.32551849107563,461.0,76.83333333333333,93.0,88.0,98.0,93.0,2.0,Near target 90-94%,45.27859762932759,Moderate,Calculated from uploaded data + population/coverage enrichment,Raw cases appear daily/newly reported after early phase,True,True,False,False,False,True,abb6445f-bcf8-471e-af5f-fec567f3cf62.pdf,abb6445f-bcf8-471e-af5f-fec567f3cf62.pdf
20260428,2026-04-28,khulna,Khulna,17416645,22272,781.997350933908,22.82,89.55,0.0,0.0,0.0,0.0,0.0,2235.0,0.0,128.32551849107563,392.0,78.4,98.0,96.0,100.0,98.0,0.0,Meets 95% target,45.27859762932759,Moderate,Calculated from uploaded data + population/coverage enrichment,"Likely missing/OCR extraction row, not trusted as true zero",True,True,True,False,False,True,dea6de3a-6418-47bb-becd-6c4f2cfaf879.pdf,dea6de3a-6418-47bb-becd-6c4f2cfaf879.pdf
20260429,2026-04-29,khulna,Khulna,17416645,22272,781.997350933908,22.82,89.55,0.0,0.0,0.0,0.0,0.0,2235.0,0.0,128.32551849107563,325.0,81.25,98.5,98.0,99.0,98.5,0.0,Meets 95% target,45.27859762932759,Moderate,Calculated from uploaded data + population/coverage enrichment,"Likely missing/OCR extraction row, not trusted as true zero",True,True,True,False,False,True,996ee162-7b6c-49ad-ac52-48649efce18c.pdf,996ee162-7b6c-49ad-ac52-48649efce18c.pdf
20260430,2026-04-30,khulna,Khulna,17416645,22272,781.997350933908,22.82,89.55,0.0,0.0,0.0,0.0,0.0,2235.0,0.0,128.32551849107563,253.0,84.33333333333333,97.0,95.0,99.0,97.0,0.0,Meets 95% target,45.27859762932759,Moderate,Calculated from uploaded data + population/coverage enrichment,"Likely missing/OCR extraction row, not trusted as true zero",True,True,True,False,False,True,0290733a-8726-4ce3-9971-c69d95994ef2.pdf,0290733a-8726-4ce3-9971-c69d95994ef2.pdf
20260501,2026-05-01,khulna,Khulna,17416645,22272,781.997350933908,22.82,89.55,0.0,75.0,0.0,0.0,0.0,2235.0,0.0,128.32551849107563,168.0,56.0,97.5,95.0,100.0,97.5,0.0,Meets 95% target,45.27859762932759,Moderate,Calculated from uploaded data + population/coverage enrichment,Raw cases appear daily/newly reported after early phase,True,True,False,False,False,True,20c2c9f8-5556-447d-9e44-da3ad89dabb3.pdf,20c2c9f8-5556-447d-9e44-da3ad89dabb3.pdf
20260502,2026-05-02,khulna,Khulna,17416645,22272,781.997350933908,22.82,89.55,0.0,0.0,0.0,0.0,0.0,2235.0,0.0,128.32551849107563,168.0,56.0,,,,,,No data,45.27859762932759,Moderate,Calculated from uploaded data + population/coverage enrichment,"Likely missing/OCR extraction row, not trusted as true zero",True,False,True,False,False,False,8718ab9a-b8b0-4771-8171-1689be79acee.pdf,No uploaded source row
20260503,2026-05-03,khulna,Khulna,17416645,22272,781.997350933908,22.82,89.55,79.0,0.0,45.0,79.0,45.0,2314.0,4.535890810199094,132.8614093012747,152.0,50.66666666666666,97.5,95.0,100.0,97.5,0.0,Meets 95% target,45.27859762932759,Moderate,Calculated from uploaded data + population/coverage enrichment,Raw cases appear daily/newly reported after early phase,True,True,False,False,False,True,2d5f3eb0-70f1-4171-8e56-a83fc7804b3f.pdf,2d5f3eb0-70f1-4171-8e56-a83fc7804b3f.pdf
20260504,2026-05-04,khulna,Khulna,17416645,22272,781.997350933908,22.82,89.55,0.0,0.0,0.0,0.0,0.0,2314.0,0.0,132.8614093012747,79.0,39.5,98.0,96.0,100.0,98.0,0.0,Meets 95% target,45.27859762932759,Moderate,Calculated from uploaded data + population/coverage enrichment,"Likely missing/OCR extraction row, not trusted as true zero",True,True,True,False,False,True,013ded18-6af2-4f6f-bbf3-aa0e639c0258.pdf,013ded18-6af2-4f6f-bbf3-aa0e639c0258.pdf
20260505,2026-05-05,khulna,Khulna,17416645,22272,781.997350933908,22.82,89.55,115.0,0.0,93.0,115.0,93.0,2429.0,6.60287902750501,139.46428832877976,194.0,64.66666666666667,,,,,,No data,45.27859762932759,Moderate,Calculated from uploaded data + population/coverage enrichment,Raw cases appear daily/newly reported after early phase,True,False,False,False,False,False,de88d227-13ed-4af4-a910-0d93fea0d297.pdf,No uploaded source row
20260506,2026-05-06,khulna,Khulna,17416645,22272,781.997350933908,22.82,89.55,98.0,0.0,78.0,98.0,78.0,2527.0,5.626801258221661,145.0910895870014,292.0,73.0,,,,,,No data,45.27859762932759,Moderate,Calculated from uploaded data + population/coverage enrichment,Raw cases appear daily/newly reported after early phase,True,False,False,False,False,False,9e852147-7950-4eab-847d-1235f9c0d617.pdf,No uploaded source row
20260507,2026-05-07,khulna,Khulna,17416645,22272,781.997350933908,22.82,89.55,0.0,0.0,0.0,0.0,0.0,2527.0,0.0,145.0910895870014,292.0,73.0,97.5,96.0,99.0,97.5,0.0,Meets 95% target,45.27859762932759,Moderate,Calculated from uploaded data + population/coverage enrichment,"Likely missing/OCR extraction row, not trusted as true zero",True,True,True,False,False,True,b74eaa3f-69eb-467f-bd26-d54fa103d2bb.pdf,b74eaa3f-69eb-467f-bd26-d54fa103d2bb.pdf
20260508,2026-05-08,khulna,Khulna,17416645,22272,781.997350933908,22.82,89.55,62.0,0.0,68.0,62.0,68.0,2589.0,3.5598130409157447,148.65090262791713,354.0,88.5,98.0,97.0,99.0,98.0,0.0,Meets 95% target,45.27859762932759,Moderate,Calculated from uploaded data + population/coverage enrichment,Raw cases appear daily/newly reported after early phase,True,True,False,False,False,True,d7d30198-1c55-41fa-8c4f-33ec501d638b.pdf,d7d30198-1c55-41fa-8c4f-33ec501d638b.pdf
20260509,2026-05-09,khulna,Khulna,17416645,22272,781.997350933908,22.82,89.55,61.0,0.0,51.0,61.0,51.0,2650.0,3.502396701546136,152.1532993294633,415.0,83.0,,,,,,No data,45.27859762932759,Moderate,Calculated from uploaded data + population/coverage enrichment,Raw cases appear daily/newly reported after early phase,True,False,False,False,False,False,eb0902c8-d064-45f7-914b-6d5963222198.pdf,No uploaded source row
20260510,2026-05-10,khulna,Khulna,17416645,22272,781.997350933908,22.82,89.55,0.0,0.0,0.0,0.0,0.0,2650.0,0.0,152.1532993294633,336.0,84.0,98.0,97.0,99.0,98.0,0.0,Meets 95% target,45.27859762932759,Moderate,Calculated from uploaded data + population/coverage enrichment,"Likely missing/OCR extraction row, not trusted as true zero",True,True,True,False,False,True,758c39cc-643d-469e-9fd1-ce1adfd0bbad.pdf,758c39cc-643d-469e-9fd1-ce1adfd0bbad.pdf
20260511,2026-05-11,khulna,Khulna,17416645,22272,781.997350933908,22.82,89.55,0.0,0.0,0.0,0.0,0.0,2650.0,0.0,152.1532993294633,336.0,84.0,99.0,98.0,100.0,99.0,0.0,Meets 95% target,45.27859762932759,Moderate,Calculated from uploaded data + population/coverage enrichment,"Likely missing/OCR extraction row, not trusted as true zero",True,True,True,False,False,True,8a09e9e6-374b-40e7-a112-80a5e11a552f.pdf,8a09e9e6-374b-40e7-a112-80a5e11a552f.pdf
20260404,2026-04-04,mymensingh,Mymensingh,12225498,10569,1156.7317627022423,24.75,90.41,0.0,0.0,0.0,0.0,0.0,0.0,0.0,0.0,0.0,0.0,,,,,,No data,0.0,No Data,No uploaded case rows; add DGHS/WHO/UNICEF subnational outbreak feed,No uploaded case row for this division,False,False,False,True,False,False,No uploaded source row,No uploaded source row
20260405,2026-04-05,mymensingh,Mymensingh,12225498,10569,1156.7317627022423,24.75,90.41,0.0,0.0,0.0,0.0,0.0,0.0,0.0,0.0,0.0,0.0,,,,,,No data,0.0,No Data,No uploaded case rows; add DGHS/WHO/UNICEF subnational outbreak feed,No uploaded case row for this division,False,False,False,True,False,False,No uploaded source row,No uploaded source row
20260406,2026-04-06,mymensingh,Mymensingh,12225498,10569,1156.7317627022423,24.75,90.41,0.0,0.0,0.0,0.0,0.0,0.0,0.0,0.0,0.0,0.0,,,,,,No data,0.0,No Data,No uploaded case rows; add DGHS/WHO/UNICEF subnational outbreak feed,No uploaded case row for this division,False,False,False,True,False,False,No uploaded source row,No uploaded source row
20260407,2026-04-07,mymensingh,Mymensingh,12225498,10569,1156.7317627022423,24.75,90.41,0.0,0.0,0.0,0.0,0.0,0.0,0.0,0.0,0.0,0.0,,,,,,No data,0.0,No Data,No uploaded case rows; add DGHS/WHO/UNICEF subnational outbreak feed,No uploaded case row for this division,False,False,False,True,False,False,No uploaded source row,No uploaded source row
20260408,2026-04-08,mymensingh,Mymensingh,12225498,10569,1156.7317627022423,24.75,90.41,0.0,0.0,0.0,0.0,0.0,0.0,0.0,0.0,0.0,0.0,,,,,,No data,0.0,No Data,No uploaded case rows; add DGHS/WHO/UNICEF subnational outbreak feed,No uploaded case row for this division,False,False,False,True,False,False,No uploaded source row,No uploaded source row
20260409,2026-04-09,mymensingh,Mymensingh,12225498,10569,1156.7317627022423,24.75,90.41,0.0,0.0,0.0,0.0,0.0,0.0,0.0,0.0,0.0,0.0,,,,,,No data,0.0,No Data,No uploaded case rows; add DGHS/WHO/UNICEF subnational outbreak feed,No uploaded case row for this division,False,False,False,False,False,False,No uploaded source row,No uploaded source row
20260410,2026-04-10,mymensingh,Mymensingh,12225498,10569,1156.7317627022423,24.75,90.41,0.0,0.0,0.0,0.0,0.0,0.0,0.0,0.0,0.0,0.0,,,,,,No data,0.0,No Data,No uploaded case rows; add DGHS/WHO/UNICEF subnational outbreak feed,No uploaded case row for this division,False,False,False,False,False,False,No uploaded source row,No uploaded source row
20260411,2026-04-11,mymensingh,Mymensingh,12225498,10569,1156.7317627022423,24.75,90.41,0.0,0.0,0.0,0.0,0.0,0.0,0.0,0.0,0.0,0.0,,,,,,No data,0.0,No Data,No uploaded case rows; add DGHS/WHO/UNICEF subnational outbreak feed,No uploaded case row for this division,False,False,False,False,False,False,No uploaded source row,No uploaded source row
20260412,2026-04-12,mymensingh,Mymensingh,12225498,10569,1156.7317627022423,24.75,90.41,0.0,0.0,0.0,0.0,0.0,0.0,0.0,0.0,0.0,0.0,,,,,,No data,0.0,No Data,No uploaded case rows; add DGHS/WHO/UNICEF subnational outbreak feed,No uploaded case row for this division,False,False,False,False,False,False,No uploaded source row,No uploaded source row
20260413,2026-04-13,mymensingh,Mymensingh,12225498,10569,1156.7317627022423,24.75,90.41,0.0,0.0,0.0,0.0,0.0,0.0,0.0,0.0,0.0,0.0,,,,,,No data,0.0,No Data,No uploaded case rows; add DGHS/WHO/UNICEF subnational outbreak feed,No uploaded case row for this division,False,False,False,False,False,False,No uploaded source row,No uploaded source row
20260414,2026-04-14,mymensingh,Mymensingh,12225498,10569,1156.7317627022423,24.75,90.41,0.0,0.0,0.0,0.0,0.0,0.0,0.0,0.0,0.0,0.0,,,,,,No data,0.0,No Data,No uploaded case rows; add DGHS/WHO/UNICEF subnational outbreak feed,No uploaded case row for this division,False,False,False,False,False,False,No uploaded source row,No uploaded source row
20260415,2026-04-15,mymensingh,Mymensingh,12225498,10569,1156.7317627022423,24.75,90.41,0.0,0.0,0.0,0.0,0.0,0.0,0.0,0.0,0.0,0.0,,,,,,No data,0.0,No Data,No uploaded case rows; add DGHS/WHO/UNICEF subnational outbreak feed,No uploaded case row for this division,False,False,False,False,False,False,No uploaded source row,No uploaded source row
20260416,2026-04-16,mymensingh,Mymensingh,12225498,10569,1156.7317627022423,24.75,90.41,0.0,0.0,0.0,0.0,0.0,0.0,0.0,0.0,0.0,0.0,,,,,,No data,0.0,No Data,No uploaded case rows; add DGHS/WHO/UNICEF subnational outbreak feed,No uploaded case row for this division,False,False,False,False,False,False,No uploaded source row,No uploaded source row
20260417,2026-04-17,mymensingh,Mymensingh,12225498,10569,1156.7317627022423,24.75,90.41,0.0,0.0,0.0,0.0,0.0,0.0,0.0,0.0,0.0,0.0,,,,,,No data,0.0,No Data,No uploaded case rows; add DGHS/WHO/UNICEF subnational outbreak feed,No uploaded case row for this division,False,False,False,False,False,False,No uploaded source row,No uploaded source row
20260418,2026-04-18,mymensingh,Mymensingh,12225498,10569,1156.7317627022423,24.75,90.41,0.0,0.0,0.0,0.0,0.0,0.0,0.0,0.0,0.0,0.0,,,,,,No data,0.0,No Data,No uploaded case rows; add DGHS/WHO/UNICEF subnational outbreak feed,No uploaded case row for this division,False,False,False,False,False,False,No uploaded source row,No uploaded source row
20260419,2026-04-19,mymensingh,Mymensingh,12225498,10569,1156.7317627022423,24.75,90.41,0.0,0.0,0.0,0.0,0.0,0.0,0.0,0.0,0.0,0.0,,,,,,No data,0.0,No Data,No uploaded case rows; add DGHS/WHO/UNICEF subnational outbreak feed,No uploaded case row for this division,False,False,False,False,False,False,No uploaded source row,No uploaded source row
20260420,2026-04-20,mymensingh,Mymensingh,12225498,10569,1156.7317627022423,24.75,90.41,0.0,0.0,0.0,0.0,0.0,0.0,0.0,0.0,0.0,0.0,,,,,,No data,0.0,No Data,No uploaded case rows; add DGHS/WHO/UNICEF subnational outbreak feed,No uploaded case row for this division,False,False,False,False,False,False,No uploaded source row,No uploaded source row
20260421,2026-04-21,mymensingh,Mymensingh,12225498,10569,1156.7317627022423,24.75,90.41,0.0,0.0,0.0,0.0,0.0,0.0,0.0,0.0,0.0,0.0,,,,,,No data,0.0,No Data,No uploaded case rows; add DGHS/WHO/UNICEF subnational outbreak feed,No uploaded case row for this division,False,False,False,False,False,False,No uploaded source row,No uploaded source row
20260422,2026-04-22,mymensingh,Mymensingh,12225498,10569,1156.7317627022423,24.75,90.41,0.0,0.0,0.0,0.0,0.0,0.0,0.0,0.0,0.0,0.0,,,,,,No data,0.0,No Data,No uploaded case rows; add DGHS/WHO/UNICEF subnational outbreak feed,No uploaded case row for this division,False,False,False,False,False,False,No uploaded source row,No uploaded source row
20260423,2026-04-23,mymensingh,Mymensingh,12225498,10569,1156.7317627022423,24.75,90.41,0.0,0.0,0.0,0.0,0.0,0.0,0.0,0.0,0.0,0.0,,,,,,No data,0.0,No Data,No uploaded case rows; add DGHS/WHO/UNICEF subnational outbreak feed,No uploaded case row for this division,False,False,False,False,False,False,No uploaded source row,No uploaded source row
20260424,2026-04-24,mymensingh,Mymensingh,12225498,10569,1156.7317627022423,24.75,90.41,0.0,0.0,0.0,0.0,0.0,0.0,0.0,0.0,0.0,0.0,,,,,,No data,0.0,No Data,No uploaded case rows; add DGHS/WHO/UNICEF subnational outbreak feed,No uploaded case row for this division,False,False,False,False,False,False,No uploaded source row,No uploaded source row
20260425,2026-04-25,mymensingh,Mymensingh,12225498,10569,1156.7317627022423,24.75,90.41,0.0,0.0,0.0,0.0,0.0,0.0,0.0,0.0,0.0,0.0,,,,,,No data,0.0,No Data,No uploaded case rows; add DGHS/WHO/UNICEF subnational outbreak feed,No uploaded case row for this division,False,False,False,False,False,False,No uploaded source row,No uploaded source row
20260426,2026-04-26,mymensingh,Mymensingh,12225498,10569,1156.7317627022423,24.75,90.41,0.0,0.0,0.0,0.0,0.0,0.0,0.0,0.0,0.0,0.0,,,,,,No data,0.0,No Data,No uploaded case rows; add DGHS/WHO/UNICEF subnational outbreak feed,No uploaded case row for this division,False,False,False,False,False,False,No uploaded source row,No uploaded source row
20260427,2026-04-27,mymensingh,Mymensingh,12225498,10569,1156.7317627022423,24.75,90.41,0.0,0.0,0.0,0.0,0.0,0.0,0.0,0.0,0.0,0.0,,,,,,No data,0.0,No Data,No uploaded case rows; add DGHS/WHO/UNICEF subnational outbreak feed,No uploaded case row for this division,False,False,False,False,False,False,No uploaded source row,No uploaded source row
20260428,2026-04-28,mymensingh,Mymensingh,12225498,10569,1156.7317627022423,24.75,90.41,0.0,0.0,0.0,0.0,0.0,0.0,0.0,0.0,0.0,0.0,,,,,,No data,0.0,No Data,No uploaded case rows; add DGHS/WHO/UNICEF subnational outbreak feed,No uploaded case row for this division,False,False,False,False,False,False,No uploaded source row,No uploaded source row
20260429,2026-04-29,mymensingh,Mymensingh,12225498,10569,1156.7317627022423,24.75,90.41,0.0,0.0,0.0,0.0,0.0,0.0,0.0,0.0,0.0,0.0,,,,,,No data,0.0,No Data,No uploaded case rows; add DGHS/WHO/UNICEF subnational outbreak feed,No uploaded case row for this division,False,False,False,False,False,False,No uploaded source row,No uploaded source row
20260430,2026-04-30,mymensingh,Mymensingh,12225498,10569,1156.7317627022423,24.75,90.41,0.0,0.0,0.0,0.0,0.0,0.0,0.0,0.0,0.0,0.0,,,,,,No data,0.0,No Data,No uploaded case rows; add DGHS/WHO/UNICEF subnational outbreak feed,No uploaded case row for this division,False,False,False,False,False,False,No uploaded source row,No uploaded source row
20260501,2026-05-01,mymensingh,Mymensingh,12225498,10569,1156.7317627022423,24.75,90.41,0.0,0.0,0.0,0.0,0.0,0.0,0.0,0.0,0.0,0.0,,,,,,No data,0.0,No Data,No uploaded case rows; add DGHS/WHO/UNICEF subnational outbreak feed,No uploaded case row for this division,False,False,False,False,False,False,No uploaded source row,No uploaded source row
20260502,2026-05-02,mymensingh,Mymensingh,12225498,10569,1156.7317627022423,24.75,90.41,0.0,0.0,0.0,0.0,0.0,0.0,0.0,0.0,0.0,0.0,,,,,,No data,0.0,No Data,No uploaded case rows; add DGHS/WHO/UNICEF subnational outbreak feed,No uploaded case row for this division,False,False,False,False,False,False,No uploaded source row,No uploaded source row
20260503,2026-05-03,mymensingh,Mymensingh,12225498,10569,1156.7317627022423,24.75,90.41,0.0,0.0,0.0,0.0,0.0,0.0,0.0,0.0,0.0,0.0,,,,,,No data,0.0,No Data,No uploaded case rows; add DGHS/WHO/UNICEF subnational outbreak feed,No uploaded case row for this division,False,False,False,False,False,False,No uploaded source row,No uploaded source row
20260504,2026-05-04,mymensingh,Mymensingh,12225498,10569,1156.7317627022423,24.75,90.41,0.0,0.0,0.0,0.0,0.0,0.0,0.0,0.0,0.0,0.0,,,,,,No data,0.0,No Data,No uploaded case rows; add DGHS/WHO/UNICEF subnational outbreak feed,No uploaded case row for this division,False,False,False,False,False,False,No uploaded source row,No uploaded source row
20260505,2026-05-05,mymensingh,Mymensingh,12225498,10569,1156.7317627022423,24.75,90.41,0.0,0.0,0.0,0.0,0.0,0.0,0.0,0.0,0.0,0.0,,,,,,No data,0.0,No Data,No uploaded case rows; add DGHS/WHO/UNICEF subnational outbreak feed,No uploaded case row for this division,False,False,False,False,False,False,No uploaded source row,No uploaded source row
20260506,2026-05-06,mymensingh,Mymensingh,12225498,10569,1156.7317627022423,24.75,90.41,0.0,0.0,0.0,0.0,0.0,0.0,0.0,0.0,0.0,0.0,,,,,,No data,0.0,No Data,No uploaded case rows; add DGHS/WHO/UNICEF subnational outbreak feed,No uploaded case row for this division,False,False,False,False,False,False,No uploaded source row,No uploaded source row
20260507,2026-05-07,mymensingh,Mymensingh,12225498,10569,1156.7317627022423,24.75,90.41,0.0,0.0,0.0,0.0,0.0,0.0,0.0,0.0,0.0,0.0,,,,,,No data,0.0,No Data,No uploaded case rows; add DGHS/WHO/UNICEF subnational outbreak feed,No uploaded case row for this division,False,False,False,False,False,False,No uploaded source row,No uploaded source row
20260508,2026-05-08,mymensingh,Mymensingh,12225498,10569,1156.7317627022423,24.75,90.41,0.0,0.0,0.0,0.0,0.0,0.0,0.0,0.0,0.0,0.0,,,,,,No data,0.0,No Data,No uploaded case rows; add DGHS/WHO/UNICEF subnational outbreak feed,No uploaded case row for this division,False,False,False,False,False,False,No uploaded source row,No uploaded source row
20260509,2026-05-09,mymensingh,Mymensingh,12225498,10569,1156.7317627022423,24.75,90.41,0.0,0.0,0.0,0.0,0.0,0.0,0.0,0.0,0.0,0.0,,,,,,No data,0.0,No Data,No uploaded case rows; add DGHS/WHO/UNICEF subnational outbreak feed,No uploaded case row for this division,False,False,False,False,False,False,No uploaded source row,No uploaded source row
20260510,2026-05-10,mymensingh,Mymensingh,12225498,10569,1156.7317627022423,24.75,90.41,0.0,0.0,0.0,0.0,0.0,0.0,0.0,0.0,0.0,0.0,,,,,,No data,0.0,No Data,No uploaded case rows; add DGHS/WHO/UNICEF subnational outbreak feed,No uploaded case row for this division,False,False,False,False,False,False,No uploaded source row,No uploaded source row
20260511,2026-05-11,mymensingh,Mymensingh,12225498,10569,1156.7317627022423,24.75,90.41,0.0,0.0,0.0,0.0,0.0,0.0,0.0,0.0,0.0,0.0,,,,,,No data,0.0,No Data,No uploaded case rows; add DGHS/WHO/UNICEF subnational outbreak feed,No uploaded case row for this division,False,False,False,False,False,False,No uploaded source row,No uploaded source row
20260404,2026-04-04,rajshahi,Rajshahi,20353119,18197,1118.4876078474474,24.37,88.6,1308.0,1066.0,50.0,0.0,0.0,1308.0,0.0,64.26533446790145,0.0,0.0,,,,,,No data,43.183665142238986,Moderate,Calculated from uploaded data + population/coverage enrichment,Raw cases appear cumulative in early report phase,True,False,False,True,False,False,895771df-04d0-4aeb-9f8f-2014156b776b.pdf,No uploaded source row
20260405,2026-04-05,rajshahi,Rajshahi,20353119,18197,1118.4876078474474,24.37,88.6,1480.0,1185.0,55.0,172.0,5.0,1480.0,8.450793217491627,72.71612768539309,0.0,0.0,,,,,,No data,43.183665142238986,Moderate,Calculated from uploaded data + population/coverage enrichment,Raw cases appear cumulative in early report phase,True,False,False,True,False,False,9e2edce9-d7fc-48da-ae19-57a1a521c0e6.pdf,No uploaded source row
20260406,2026-04-06,rajshahi,Rajshahi,20353119,18197,1118.4876078474474,24.37,88.6,1598.0,1292.0,57.0,118.0,2.0,1598.0,5.797637207348909,78.513764892742,290.0,145.0,,,,,,No data,43.183665142238986,Moderate,Calculated from uploaded data + population/coverage enrichment,Raw cases appear cumulative in early report phase,True,False,False,True,False,False,edadc3d0-4ae3-4d54-b095-23465dde3561.pdf,No uploaded source row
20260407,2026-04-07,rajshahi,Rajshahi,20353119,18197,1118.4876078474474,24.37,88.6,1750.0,1395.0,58.0,152.0,1.0,1750.0,7.468142843364696,85.98190773610669,442.0,147.33333333333334,,,,,,No data,43.183665142238986,Moderate,Calculated from uploaded data + population/coverage enrichment,Raw cases appear cumulative in early report phase,True,False,False,True,False,False,53d218b6-39dc-471a-9908-37597d752f20.pdf,No uploaded source row
20260408,2026-04-08,rajshahi,Rajshahi,20353119,18197,1118.4876078474474,24.37,88.6,2023.0,1514.0,61.0,273.0,3.0,2023.0,13.413177606832642,99.39508534293934,715.0,178.75,,,,,,No data,43.183665142238986,Moderate,Calculated from uploaded data + population/coverage enrichment,Raw cases appear cumulative in early report phase,True,False,False,True,False,False,ca075965-256b-43c8-9b12-aeb35e7ca044.pdf,No uploaded source row
20260409,2026-04-09,rajshahi,Rajshahi,20353119,18197,1118.4876078474474,24.37,88.6,116.0,0.0,89.0,116.0,89.0,2139.0,5.699372169936215,105.09445751287556,831.0,166.2,,,,,,No data,43.183665142238986,Moderate,Calculated from uploaded data + population/coverage enrichment,Raw cases appear daily/newly reported after early phase,True,False,False,False,False,False,851a956d-c2a6-45ce-9201-6905d467f634.pdf,No uploaded source row
20260410,2026-04-10,rajshahi,Rajshahi,20353119,18197,1118.4876078474474,24.37,88.6,0.0,0.0,0.0,0.0,0.0,2139.0,0.0,105.09445751287556,831.0,166.2,,,,,,No data,43.183665142238986,Moderate,Calculated from uploaded data + population/coverage enrichment,No uploaded row for this date/division,False,False,False,False,False,False,No uploaded source row,No uploaded source row
20260411,2026-04-11,rajshahi,Rajshahi,20353119,18197,1118.4876078474474,24.37,88.6,89.0,0.0,49.0,89.0,49.0,2228.0,4.372794164864854,109.4672516777404,920.0,153.33333333333334,,,,,,No data,43.183665142238986,Moderate,Calculated from uploaded data + population/coverage enrichment,Raw cases appear daily/newly reported after early phase,True,False,False,False,False,False,051959af-648c-400c-84ec-2cb2adc35348.pdf,No uploaded source row
20260412,2026-04-12,rajshahi,Rajshahi,20353119,18197,1118.4876078474474,24.37,88.6,79.0,0.0,77.0,79.0,77.0,2307.0,3.881468977801388,113.3487206555418,827.0,137.83333333333334,,,,,,No data,43.183665142238986,Moderate,Calculated from uploaded data + population/coverage enrichment,Raw cases appear daily/newly reported after early phase,True,False,False,False,False,False,ed553882-fdf7-4222-ad7d-4abb1093d2ec.pdf,No uploaded source row
20260413,2026-04-13,rajshahi,Rajshahi,20353119,18197,1118.4876078474474,24.37,88.6,108.0,0.0,123.0,108.0,123.0,2415.0,5.306312020285441,118.6550326758272,817.0,136.16666666666666,,,,,,No data,43.183665142238986,Moderate,Calculated from uploaded data + population/coverage enrichment,Raw cases appear daily/newly reported after early phase,True,False,False,False,False,False,d9d46c53-9bda-4466-8b9f-c144ca9ce3b6.pdf,No uploaded source row
20260414,2026-04-14,rajshahi,Rajshahi,20353119,18197,1118.4876078474474,24.37,88.6,119.0,0.0,89.0,119.0,89.0,2534.0,5.846769726055254,124.5018024018825,784.0,130.66666666666666,,,,,,No data,43.183665142238986,Moderate,Calculated from uploaded data + population/coverage enrichment,Raw cases appear daily/newly reported after early phase,True,False,False,False,False,False,ebfabb0a-4596-4c58-b26a-b80c830eecf2.pdf,No uploaded source row
20260415,2026-04-15,rajshahi,Rajshahi,20353119,18197,1118.4876078474474,24.37,88.6,111.0,0.0,48.0,111.0,48.0,2645.0,5.453709576404481,129.95551197828695,622.0,103.66666666666669,,,,,,No data,43.183665142238986,Moderate,Calculated from uploaded data + population/coverage enrichment,Raw cases appear daily/newly reported after early phase,True,False,False,False,False,False,78804b73-cf2a-4880-a9ae-2d7161e13114.pdf,No uploaded source row
20260416,2026-04-16,rajshahi,Rajshahi,20353119,18197,1118.4876078474474,24.37,88.6,74.0,0.0,113.0,74.0,113.0,2719.0,3.635806384269654,133.59131836255662,580.0,96.66666666666669,130.0,130.0,130.0,100.0,0.0,Meets 95% target,43.183665142238986,Moderate,Calculated from uploaded data + population/coverage enrichment,Raw cases appear daily/newly reported after early phase,True,True,False,False,True,False,501f51e4-f446-4044-ac5f-30644a9288f1.pdf,501f51e4-f446-4044-ac5f-30644a9288f1.pdf
20260417,2026-04-17,rajshahi,Rajshahi,20353119,18197,1118.4876078474474,24.37,88.6,90.0,0.0,89.0,90.0,89.0,2809.0,4.421926683571201,138.01324504612782,670.0,95.71428571428572,113.0,113.0,113.0,100.0,0.0,Meets 95% target,43.183665142238986,Moderate,Calculated from uploaded data + population/coverage enrichment,Raw cases appear daily/newly reported after early phase,True,True,False,False,True,False,009ad3ca-2655-4ab3-a779-2802ba9b860b.pdf,009ad3ca-2655-4ab3-a779-2802ba9b860b.pdf
20260418,2026-04-18,rajshahi,Rajshahi,20353119,18197,1118.4876078474474,24.37,88.6,85.0,0.0,51.0,85.0,51.0,2894.0,4.176264090039467,142.1895091361673,666.0,95.14285714285714,,,,,,No data,43.183665142238986,Moderate,Calculated from uploaded data + population/coverage enrichment,Raw cases appear daily/newly reported after early phase,True,False,False,False,False,False,60c598de-df11-4bdd-b151-f9e8a08c848d.pdf,No uploaded source row
20260419,2026-04-19,rajshahi,Rajshahi,20353119,18197,1118.4876078474474,24.37,88.6,96.0,0.0,85.0,96.0,85.0,2990.0,4.716721795809281,146.90623093197655,683.0,97.57142857142856,110.0,110.0,110.0,100.0,0.0,Meets 95% target,43.183665142238986,Moderate,Calculated from uploaded data + population/coverage enrichment,Raw cases appear daily/newly reported after early phase,True,True,False,False,True,False,355f0db2-d34b-4e7c-81e7-65cc6d34b5ef.pdf,355f0db2-d34b-4e7c-81e7-65cc6d34b5ef.pdf
20260420,2026-04-20,rajshahi,Rajshahi,20353119,18197,1118.4876078474474,24.37,88.6,100.0,0.0,135.0,100.0,135.0,3090.0,4.913251870634667,151.81948280261125,675.0,96.42857142857144,107.0,107.0,107.0,100.0,0.0,Meets 95% target,43.183665142238986,Moderate,Calculated from uploaded data + population/coverage enrichment,Raw cases appear daily/newly reported after early phase,True,True,False,False,True,False,df35201c-7d6d-4caa-b524-260a7b0f7479.pdf,df35201c-7d6d-4caa-b524-260a7b0f7479.pdf
20260421,2026-04-21,rajshahi,Rajshahi,20353119,18197,1118.4876078474474,24.37,88.6,105.0,0.0,105.0,105.0,105.0,3195.0,5.1589144641664015,156.97839726677765,661.0,94.42857142857144,,,,,,No data,43.183665142238986,Moderate,Calculated from uploaded data + population/coverage enrichment,Raw cases appear daily/newly reported after early phase,True,False,False,False,False,False,51b7b213-8277-4878-bdb4-838be5272105.pdf,No uploaded source row
20260422,2026-04-22,rajshahi,Rajshahi,20353119,18197,1118.4876078474474,24.37,88.6,89.0,0.0,118.0,89.0,118.0,3284.0,4.372794164864854,161.3511914316425,639.0,91.28571428571428,93.0,83.0,103.0,93.0,2.0,Near target 90-94%,43.183665142238986,Moderate,Calculated from uploaded data + population/coverage enrichment,Raw cases appear daily/newly reported after early phase,True,True,False,False,True,True,cc6e4c1b-50ae-44bd-9d41-238acb41ac99.pdf,cc6e4c1b-50ae-44bd-9d41-238acb41ac99.pdf
20260423,2026-04-23,rajshahi,Rajshahi,20353119,18197,1118.4876078474474,24.37,88.6,93.0,0.0,82.0,93.0,82.0,3377.0,4.569324239690241,165.92051567133274,658.0,94.0,97.5,91.0,104.0,97.5,0.0,Meets 95% target,43.183665142238986,Moderate,Calculated from uploaded data + population/coverage enrichment,Raw cases appear daily/newly reported after early phase,True,True,False,False,True,True,5f159ac3-55ec-470b-ad8a-40f3642e7957.pdf,5f159ac3-55ec-470b-ad8a-40f3642e7957.pdf
20260424,2026-04-24,rajshahi,Rajshahi,20353119,18197,1118.4876078474474,24.37,88.6,111.0,0.0,120.0,111.0,120.0,3488.0,5.453709576404481,171.37422524773723,679.0,97.0,,,,,,No data,43.183665142238986,Moderate,Calculated from uploaded data + population/coverage enrichment,Raw cases appear daily/newly reported after early phase,True,False,False,False,False,False,e66eb1d2-7472-4440-be96-c15bb880f15e.pdf,No uploaded source row
20260425,2026-04-25,rajshahi,Rajshahi,20353119,18197,1118.4876078474474,24.37,88.6,0.0,0.0,0.0,0.0,0.0,3488.0,0.0,171.37422524773723,594.0,99.0,,,,,,No data,43.183665142238986,Moderate,Calculated from uploaded data + population/coverage enrichment,"Likely missing/OCR extraction row, not trusted as true zero",True,False,True,False,False,False,734b0559-5ba3-4bc8-9b95-b37d791acf92.pdf,No uploaded source row
20260426,2026-04-26,rajshahi,Rajshahi,20353119,18197,1118.4876078474474,24.37,88.6,117.0,0.0,126.0,117.0,126.0,3605.0,5.748504688642561,177.12272993637978,615.0,102.5,,,,,,No data,43.183665142238986,Moderate,Calculated from uploaded data + population/coverage enrichment,Raw cases appear daily/newly reported after early phase,True,False,False,False,False,False,1b00ae7a-c18d-4b22-8c21-c97268764ff6.pdf,No uploaded source row
20260427,2026-04-27,rajshahi,Rajshahi,20353119,18197,1118.4876078474474,24.37,88.6,97.0,0.0,127.0,97.0,127.0,3702.0,4.765854314515628,181.8885842508954,612.0,102.0,102.0,100.0,104.0,100.0,0.0,Meets 95% target,43.183665142238986,Moderate,Calculated from uploaded data + population/coverage enrichment,Raw cases appear daily/newly reported after early phase,True,True,False,False,True,True,abb6445f-bcf8-471e-af5f-fec567f3cf62.pdf,abb6445f-bcf8-471e-af5f-fec567f3cf62.pdf
20260428,2026-04-28,rajshahi,Rajshahi,20353119,18197,1118.4876078474474,24.37,88.6,0.0,0.0,0.0,0.0,0.0,3702.0,0.0,181.8885842508954,507.0,101.4,102.0,100.0,104.0,100.0,0.0,Meets 95% target,43.183665142238986,Moderate,Calculated from uploaded data + population/coverage enrichment,"Likely missing/OCR extraction row, not trusted as true zero",True,True,True,False,True,True,dea6de3a-6418-47bb-becd-6c4f2cfaf879.pdf,dea6de3a-6418-47bb-becd-6c4f2cfaf879.pdf
20260429,2026-04-29,rajshahi,Rajshahi,20353119,18197,1118.4876078474474,24.37,88.6,0.0,0.0,0.0,0.0,0.0,3702.0,0.0,181.8885842508954,418.0,104.5,102.0,100.0,104.0,100.0,0.0,Meets 95% target,43.183665142238986,Moderate,Calculated from uploaded data + population/coverage enrichment,"Likely missing/OCR extraction row, not trusted as true zero",True,True,True,False,True,True,996ee162-7b6c-49ad-ac52-48649efce18c.pdf,996ee162-7b6c-49ad-ac52-48649efce18c.pdf
20260430,2026-04-30,rajshahi,Rajshahi,20353119,18197,1118.4876078474474,24.37,88.6,0.0,0.0,0.0,0.0,0.0,3702.0,0.0,181.8885842508954,325.0,108.33333333333331,100.0,99.0,101.0,100.0,0.0,Meets 95% target,43.183665142238986,Moderate,Calculated from uploaded data + population/coverage enrichment,"Likely missing/OCR extraction row, not trusted as true zero",True,True,True,False,True,True,0290733a-8726-4ce3-9971-c69d95994ef2.pdf,0290733a-8726-4ce3-9971-c69d95994ef2.pdf
20260501,2026-05-01,rajshahi,Rajshahi,20353119,18197,1118.4876078474474,24.37,88.6,0.0,75.0,0.0,0.0,0.0,3702.0,0.0,181.8885842508954,214.0,71.33333333333333,101.5,100.0,103.0,100.0,0.0,Meets 95% target,43.183665142238986,Moderate,Calculated from uploaded data + population/coverage enrichment,Raw cases appear daily/newly reported after early phase,True,True,False,False,True,True,20c2c9f8-5556-447d-9e44-da3ad89dabb3.pdf,20c2c9f8-5556-447d-9e44-da3ad89dabb3.pdf
20260502,2026-05-02,rajshahi,Rajshahi,20353119,18197,1118.4876078474474,24.37,88.6,0.0,0.0,0.0,0.0,0.0,3702.0,0.0,181.8885842508954,214.0,71.33333333333333,,,,,,No data,43.183665142238986,Moderate,Calculated from uploaded data + population/coverage enrichment,"Likely missing/OCR extraction row, not trusted as true zero",True,False,True,False,False,False,8718ab9a-b8b0-4771-8171-1689be79acee.pdf,No uploaded source row
20260503,2026-05-03,rajshahi,Rajshahi,20353119,18197,1118.4876078474474,24.37,88.6,78.0,0.0,66.0,78.0,66.0,3780.0,3.832336459095041,185.72092070999045,175.0,58.333333333333336,,,,,,No data,43.183665142238986,Moderate,Calculated from uploaded data + population/coverage enrichment,Raw cases appear daily/newly reported after early phase,True,False,False,False,False,False,2d5f3eb0-70f1-4171-8e56-a83fc7804b3f.pdf,No uploaded source row
20260504,2026-05-04,rajshahi,Rajshahi,20353119,18197,1118.4876078474474,24.37,88.6,0.0,0.0,0.0,0.0,0.0,3780.0,0.0,185.72092070999045,78.0,39.0,,,,,,No data,43.183665142238986,Moderate,Calculated from uploaded data + population/coverage enrichment,"Likely missing/OCR extraction row, not trusted as true zero",True,False,True,False,False,False,013ded18-6af2-4f6f-bbf3-aa0e639c0258.pdf,No uploaded source row
20260505,2026-05-05,rajshahi,Rajshahi,20353119,18197,1118.4876078474474,24.37,88.6,82.0,0.0,66.0,82.0,66.0,3862.0,4.028866533920428,189.74978724391087,160.0,53.333333333333336,,,,,,No data,43.183665142238986,Moderate,Calculated from uploaded data + population/coverage enrichment,Raw cases appear daily/newly reported after early phase,True,False,False,False,False,False,de88d227-13ed-4af4-a910-0d93fea0d297.pdf,No uploaded source row
20260506,2026-05-06,rajshahi,Rajshahi,20353119,18197,1118.4876078474474,24.37,88.6,98.0,0.0,72.0,98.0,72.0,3960.0,4.814986833221975,194.56477407713285,258.0,64.5,,,,,,No data,43.183665142238986,Moderate,Calculated from uploaded data + population/coverage enrichment,Raw cases appear daily/newly reported after early phase,True,False,False,False,False,False,9e852147-7950-4eab-847d-1235f9c0d617.pdf,No uploaded source row
20260507,2026-05-07,rajshahi,Rajshahi,20353119,18197,1118.4876078474474,24.37,88.6,0.0,0.0,0.0,0.0,0.0,3960.0,0.0,194.56477407713285,258.0,64.5,,,,,,No data,43.183665142238986,Moderate,Calculated from uploaded data + population/coverage enrichment,"Likely missing/OCR extraction row, not trusted as true zero",True,False,True,False,False,False,b74eaa3f-69eb-467f-bd26-d54fa103d2bb.pdf,No uploaded source row
20260508,2026-05-08,rajshahi,Rajshahi,20353119,18197,1118.4876078474474,24.37,88.6,72.0,0.0,69.0,72.0,69.0,4032.0,3.537541346856961,198.1023154239898,330.0,82.5,103.0,103.0,103.0,100.0,0.0,Meets 95% target,43.183665142238986,Moderate,Calculated from uploaded data + population/coverage enrichment,Raw cases appear daily/newly reported after early phase,True,True,False,False,True,False,d7d30198-1c55-41fa-8c4f-33ec501d638b.pdf,d7d30198-1c55-41fa-8c4f-33ec501d638b.pdf
20260509,2026-05-09,rajshahi,Rajshahi,20353119,18197,1118.4876078474474,24.37,88.6,59.0,0.0,41.0,59.0,41.0,4091.0,2.8988186036744543,201.00113402766425,389.0,77.8,,,,,,No data,43.183665142238986,Moderate,Calculated from uploaded data + population/coverage enrichment,Raw cases appear daily/newly reported after early phase,True,False,False,False,False,False,eb0902c8-d064-45f7-914b-6d5963222198.pdf,No uploaded source row
20260510,2026-05-10,rajshahi,Rajshahi,20353119,18197,1118.4876078474474,24.37,88.6,0.0,0.0,0.0,0.0,0.0,4091.0,0.0,201.00113402766425,311.0,77.75,103.5,102.0,105.0,100.0,0.0,Meets 95% target,43.183665142238986,Moderate,Calculated from uploaded data + population/coverage enrichment,"Likely missing/OCR extraction row, not trusted as true zero",True,True,True,False,True,True,758c39cc-643d-469e-9fd1-ce1adfd0bbad.pdf,758c39cc-643d-469e-9fd1-ce1adfd0bbad.pdf
20260511,2026-05-11,rajshahi,Rajshahi,20353119,18197,1118.4876078474474,24.37,88.6,0.0,0.0,0.0,0.0,0.0,4091.0,0.0,201.00113402766425,311.0,77.75,103.5,102.0,105.0,100.0,0.0,Meets 95% target,43.183665142238986,Moderate,Calculated from uploaded data + population/coverage enrichment,"Likely missing/OCR extraction row, not trusted as true zero",True,True,True,False,True,True,8a09e9e6-374b-40e7-a112-80a5e11a552f.pdf,8a09e9e6-374b-40e7-a112-80a5e11a552f.pdf
20260404,2026-04-04,rangpur,Rangpur,17610956,16317,1079.3010970153828,25.75,89.25,167.0,42.0,0.0,0.0,0.0,167.0,0.0,9.482733362118443,0.0,0.0,,,,,,No data,27.691881852457666,Moderate,Calculated from uploaded data + population/coverage enrichment,Raw cases appear cumulative in early report phase,True,False,False,True,False,False,895771df-04d0-4aeb-9f8f-2014156b776b.pdf,No uploaded source row
20260405,2026-04-05,rangpur,Rangpur,17610956,16317,1079.3010970153828,25.75,89.25,206.0,55.0,0.0,39.0,0.0,206.0,2.2145305456444278,11.697263907762872,0.0,0.0,,,,,,No data,27.691881852457666,Moderate,Calculated from uploaded data + population/coverage enrichment,Raw cases appear cumulative in early report phase,True,False,False,True,False,False,9e2edce9-d7fc-48da-ae19-57a1a521c0e6.pdf,No uploaded source row
20260406,2026-04-06,rangpur,Rangpur,17610956,16317,1079.3010970153828,25.75,89.25,319.0,90.0,0.0,113.0,0.0,319.0,6.4164602989184685,18.11372420668134,152.0,76.0,,,,,,No data,27.691881852457666,Moderate,Calculated from uploaded data + population/coverage enrichment,Raw cases appear cumulative in early report phase,True,False,False,True,False,False,edadc3d0-4ae3-4d54-b095-23465dde3561.pdf,No uploaded source row
20260407,2026-04-07,rangpur,Rangpur,17610956,16317,1079.3010970153828,25.75,89.25,379.0,130.0,0.0,60.0,0.0,379.0,3.4069700702221954,21.520694276903537,212.0,70.66666666666667,,,,,,No data,27.691881852457666,Moderate,Calculated from uploaded data + population/coverage enrichment,Raw cases appear cumulative in early report phase,True,False,False,True,False,False,53d218b6-39dc-471a-9908-37597d752f20.pdf,No uploaded source row
20260408,2026-04-08,rangpur,Rangpur,17610956,16317,1079.3010970153828,25.75,89.25,441.0,150.0,0.0,62.0,0.0,441.0,3.5205357392296026,25.04123001613314,274.0,68.5,,,,,,No data,27.691881852457666,Moderate,Calculated from uploaded data + population/coverage enrichment,Raw cases appear cumulative in early report phase,True,False,False,True,False,False,ca075965-256b-43c8-9b12-aeb35e7ca044.pdf,No uploaded source row
20260409,2026-04-09,rangpur,Rangpur,17610956,16317,1079.3010970153828,25.75,89.25,17.0,0.0,13.0,17.0,13.0,458.0,0.9653081865629554,26.006538202696092,291.0,58.2,,,,,,No data,27.691881852457666,Moderate,Calculated from uploaded data + population/coverage enrichment,Raw cases appear daily/newly reported after early phase,True,False,False,False,False,False,851a956d-c2a6-45ce-9201-6905d467f634.pdf,No uploaded source row
20260410,2026-04-10,rangpur,Rangpur,17610956,16317,1079.3010970153828,25.75,89.25,0.0,0.0,0.0,0.0,0.0,458.0,0.0,26.006538202696092,291.0,58.2,,,,,,No data,27.691881852457666,Moderate,Calculated from uploaded data + population/coverage enrichment,No uploaded row for this date/division,False,False,False,False,False,False,No uploaded source row,No uploaded source row
20260411,2026-04-11,rangpur,Rangpur,17610956,16317,1079.3010970153828,25.75,89.25,4.0,0.0,4.0,4.0,4.0,462.0,0.227131338014813,26.233669540710903,295.0,49.16666666666666,,,,,,No data,27.691881852457666,Moderate,Calculated from uploaded data + population/coverage enrichment,Raw cases appear daily/newly reported after early phase,True,False,False,False,False,False,051959af-648c-400c-84ec-2cb2adc35348.pdf,No uploaded source row
20260412,2026-04-12,rangpur,Rangpur,17610956,16317,1079.3010970153828,25.75,89.25,11.0,0.0,9.0,11.0,9.0,473.0,0.6246111795407359,26.85828072025164,267.0,44.5,,,,,,No data,27.691881852457666,Moderate,Calculated from uploaded data + population/coverage enrichment,Raw cases appear daily/newly reported after early phase,True,False,False,False,False,False,ed553882-fdf7-4222-ad7d-4abb1093d2ec.pdf,No uploaded source row
20260413,2026-04-13,rangpur,Rangpur,17610956,16317,1079.3010970153828,25.75,89.25,11.0,0.0,18.0,11.0,18.0,484.0,0.6246111795407359,27.482891899792374,165.0,27.5,,,,,,No data,27.691881852457666,Moderate,Calculated from uploaded data + population/coverage enrichment,Raw cases appear daily/newly reported after early phase,True,False,False,False,False,False,d9d46c53-9bda-4466-8b9f-c144ca9ce3b6.pdf,No uploaded source row
20260414,2026-04-14,rangpur,Rangpur,17610956,16317,1079.3010970153828,25.75,89.25,8.0,0.0,13.0,8.0,13.0,492.0,0.4542626760296261,27.937154575822007,113.0,18.83333333333333,,,,,,No data,27.691881852457666,Moderate,Calculated from uploaded data + population/coverage enrichment,Raw cases appear daily/newly reported after early phase,True,False,False,False,False,False,ebfabb0a-4596-4c58-b26a-b80c830eecf2.pdf,No uploaded source row
20260415,2026-04-15,rangpur,Rangpur,17610956,16317,1079.3010970153828,25.75,89.25,0.0,0.0,1.0,0.0,1.0,492.0,0.0,27.937154575822007,51.0,8.5,,,,,,No data,27.691881852457666,Moderate,Calculated from uploaded data + population/coverage enrichment,Raw cases appear daily/newly reported after early phase,True,False,False,False,False,False,78804b73-cf2a-4880-a9ae-2d7161e13114.pdf,No uploaded source row
20260416,2026-04-16,rangpur,Rangpur,17610956,16317,1079.3010970153828,25.75,89.25,8.0,0.0,4.0,8.0,4.0,500.0,0.4542626760296261,28.39141725185163,42.0,7.0,,,,,,No data,27.691881852457666,Moderate,Calculated from uploaded data + population/coverage enrichment,Raw cases appear daily/newly reported after early phase,True,False,False,False,False,False,501f51e4-f446-4044-ac5f-30644a9288f1.pdf,No uploaded source row
20260417,2026-04-17,rangpur,Rangpur,17610956,16317,1079.3010970153828,25.75,89.25,4.0,0.0,5.0,4.0,5.0,504.0,0.227131338014813,28.61854858986645,46.0,6.571428571428571,,,,,,No data,27.691881852457666,Moderate,Calculated from uploaded data + population/coverage enrichment,Raw cases appear daily/newly reported after early phase,True,False,False,False,False,False,009ad3ca-2655-4ab3-a779-2802ba9b860b.pdf,No uploaded source row
20260418,2026-04-18,rangpur,Rangpur,17610956,16317,1079.3010970153828,25.75,89.25,3.0,0.0,3.0,3.0,3.0,507.0,0.1703485035111098,28.78889709337756,45.0,6.428571428571429,,,,,,No data,27.691881852457666,Moderate,Calculated from uploaded data + population/coverage enrichment,Raw cases appear daily/newly reported after early phase,True,False,False,False,False,False,60c598de-df11-4bdd-b151-f9e8a08c848d.pdf,No uploaded source row
20260419,2026-04-19,rangpur,Rangpur,17610956,16317,1079.3010970153828,25.75,89.25,15.0,0.0,5.0,15.0,5.0,522.0,0.8517425175555489,29.640639610933103,49.0,7.0,,,,,,No data,27.691881852457666,Moderate,Calculated from uploaded data + population/coverage enrichment,Raw cases appear daily/newly reported after early phase,True,False,False,False,False,False,355f0db2-d34b-4e7c-81e7-65cc6d34b5ef.pdf,No uploaded source row
20260420,2026-04-20,rangpur,Rangpur,17610956,16317,1079.3010970153828,25.75,89.25,9.0,0.0,6.0,9.0,6.0,531.0,0.5110455105333294,30.151685121466432,47.0,6.714285714285714,,,,,,No data,27.691881852457666,Moderate,Calculated from uploaded data + population/coverage enrichment,Raw cases appear daily/newly reported after early phase,True,False,False,False,False,False,df35201c-7d6d-4caa-b524-260a7b0f7479.pdf,No uploaded source row
20260421,2026-04-21,rangpur,Rangpur,17610956,16317,1079.3010970153828,25.75,89.25,8.0,0.0,4.0,8.0,4.0,539.0,0.4542626760296261,30.60594779749606,47.0,6.714285714285714,,,,,,No data,27.691881852457666,Moderate,Calculated from uploaded data + population/coverage enrichment,Raw cases appear daily/newly reported after early phase,True,False,False,False,False,False,51b7b213-8277-4878-bdb4-838be5272105.pdf,No uploaded source row
20260422,2026-04-22,rangpur,Rangpur,17610956,16317,1079.3010970153828,25.75,89.25,9.0,0.0,6.0,9.0,6.0,548.0,0.5110455105333294,31.116993308029382,56.0,8.0,,,,,,No data,27.691881852457666,Moderate,Calculated from uploaded data + population/coverage enrichment,Raw cases appear daily/newly reported after early phase,True,False,False,False,False,False,cc6e4c1b-50ae-44bd-9d41-238acb41ac99.pdf,No uploaded source row
20260423,2026-04-23,rangpur,Rangpur,17610956,16317,1079.3010970153828,25.75,89.25,7.0,0.0,5.0,7.0,5.0,555.0,0.3974798415259228,31.51447314955531,55.0,7.857142857142857,,,,,,No data,27.691881852457666,Moderate,Calculated from uploaded data + population/coverage enrichment,Raw cases appear daily/newly reported after early phase,True,False,False,False,False,False,5f159ac3-55ec-470b-ad8a-40f3642e7957.pdf,No uploaded source row
20260424,2026-04-24,rangpur,Rangpur,17610956,16317,1079.3010970153828,25.75,89.25,3.0,0.0,9.0,3.0,9.0,558.0,0.1703485035111098,31.68482165306642,54.0,7.714285714285714,,,,,,No data,27.691881852457666,Moderate,Calculated from uploaded data + population/coverage enrichment,Raw cases appear daily/newly reported after early phase,True,False,False,False,False,False,e66eb1d2-7472-4440-be96-c15bb880f15e.pdf,No uploaded source row
20260425,2026-04-25,rangpur,Rangpur,17610956,16317,1079.3010970153828,25.75,89.25,0.0,0.0,0.0,0.0,0.0,558.0,0.0,31.68482165306642,51.0,8.5,,,,,,No data,27.691881852457666,Moderate,Calculated from uploaded data + population/coverage enrichment,"Likely missing/OCR extraction row, not trusted as true zero",True,False,True,False,False,False,734b0559-5ba3-4bc8-9b95-b37d791acf92.pdf,No uploaded source row
20260426,2026-04-26,rangpur,Rangpur,17610956,16317,1079.3010970153828,25.75,89.25,8.0,0.0,11.0,8.0,11.0,566.0,0.4542626760296261,32.13908432909604,44.0,7.333333333333333,,,,,,No data,27.691881852457666,Moderate,Calculated from uploaded data + population/coverage enrichment,Raw cases appear daily/newly reported after early phase,True,False,False,False,False,False,1b00ae7a-c18d-4b22-8c21-c97268764ff6.pdf,No uploaded source row
20260427,2026-04-27,rangpur,Rangpur,17610956,16317,1079.3010970153828,25.75,89.25,13.0,0.0,10.0,13.0,10.0,579.0,0.7381768485481424,32.877261177644186,48.0,8.0,,,,,,No data,27.691881852457666,Moderate,Calculated from uploaded data + population/coverage enrichment,Raw cases appear daily/newly reported after early phase,True,False,False,False,False,False,abb6445f-bcf8-471e-af5f-fec567f3cf62.pdf,No uploaded source row
20260428,2026-04-28,rangpur,Rangpur,17610956,16317,1079.3010970153828,25.75,89.25,0.0,0.0,0.0,0.0,0.0,579.0,0.0,32.877261177644186,40.0,8.0,,,,,,No data,27.691881852457666,Moderate,Calculated from uploaded data + population/coverage enrichment,"Likely missing/OCR extraction row, not trusted as true zero",True,False,True,False,False,False,dea6de3a-6418-47bb-becd-6c4f2cfaf879.pdf,No uploaded source row
20260429,2026-04-29,rangpur,Rangpur,17610956,16317,1079.3010970153828,25.75,89.25,0.0,0.0,0.0,0.0,0.0,579.0,0.0,32.877261177644186,31.0,7.75,,,,,,No data,27.691881852457666,Moderate,Calculated from uploaded data + population/coverage enrichment,"Likely missing/OCR extraction row, not trusted as true zero",True,False,True,False,False,False,996ee162-7b6c-49ad-ac52-48649efce18c.pdf,No uploaded source row
20260430,2026-04-30,rangpur,Rangpur,17610956,16317,1079.3010970153828,25.75,89.25,0.0,0.0,0.0,0.0,0.0,579.0,0.0,32.877261177644186,24.0,8.0,,,,,,No data,27.691881852457666,Moderate,Calculated from uploaded data + population/coverage enrichment,"Likely missing/OCR extraction row, not trusted as true zero",True,False,True,False,False,False,0290733a-8726-4ce3-9971-c69d95994ef2.pdf,No uploaded source row
20260501,2026-05-01,rangpur,Rangpur,17610956,16317,1079.3010970153828,25.75,89.25,0.0,13.0,0.0,0.0,0.0,579.0,0.0,32.877261177644186,21.0,7.0,,,,,,No data,27.691881852457666,Moderate,Calculated from uploaded data + population/coverage enrichment,Raw cases appear daily/newly reported after early phase,True,False,False,False,False,False,20c2c9f8-5556-447d-9e44-da3ad89dabb3.pdf,No uploaded source row
20260502,2026-05-02,rangpur,Rangpur,17610956,16317,1079.3010970153828,25.75,89.25,0.0,0.0,0.0,0.0,0.0,579.0,0.0,32.877261177644186,21.0,7.0,,,,,,No data,27.691881852457666,Moderate,Calculated from uploaded data + population/coverage enrichment,"Likely missing/OCR extraction row, not trusted as true zero",True,False,True,False,False,False,8718ab9a-b8b0-4771-8171-1689be79acee.pdf,No uploaded source row
20260503,2026-05-03,rangpur,Rangpur,17610956,16317,1079.3010970153828,25.75,89.25,6.0,0.0,12.0,6.0,12.0,585.0,0.3406970070222196,33.21795818466641,19.0,6.333333333333333,,,,,,No data,27.691881852457666,Moderate,Calculated from uploaded data + population/coverage enrichment,Raw cases appear daily/newly reported after early phase,True,False,False,False,False,False,2d5f3eb0-70f1-4171-8e56-a83fc7804b3f.pdf,No uploaded source row
20260504,2026-05-04,rangpur,Rangpur,17610956,16317,1079.3010970153828,25.75,89.25,0.0,0.0,0.0,0.0,0.0,585.0,0.0,33.21795818466641,6.0,3.0,,,,,,No data,27.691881852457666,Moderate,Calculated from uploaded data + population/coverage enrichment,"Likely missing/OCR extraction row, not trusted as true zero",True,False,True,False,False,False,013ded18-6af2-4f6f-bbf3-aa0e639c0258.pdf,No uploaded source row
20260505,2026-05-05,rangpur,Rangpur,17610956,16317,1079.3010970153828,25.75,89.25,5.0,0.0,6.0,5.0,6.0,590.0,0.2839141725185163,33.50187235718492,11.0,3.6666666666666665,,,,,,No data,27.691881852457666,Moderate,Calculated from uploaded data + population/coverage enrichment,Raw cases appear daily/newly reported after early phase,True,False,False,False,False,False,de88d227-13ed-4af4-a910-0d93fea0d297.pdf,No uploaded source row
20260506,2026-05-06,rangpur,Rangpur,17610956,16317,1079.3010970153828,25.75,89.25,4.0,0.0,1.0,4.0,1.0,594.0,0.227131338014813,33.729003695199744,15.0,3.75,,,,,,No data,27.691881852457666,Moderate,Calculated from uploaded data + population/coverage enrichment,Raw cases appear daily/newly reported after early phase,True,False,False,False,False,False,9e852147-7950-4eab-847d-1235f9c0d617.pdf,No uploaded source row
20260507,2026-05-07,rangpur,Rangpur,17610956,16317,1079.3010970153828,25.75,89.25,0.0,0.0,0.0,0.0,0.0,594.0,0.0,33.729003695199744,15.0,3.75,,,,,,No data,27.691881852457666,Moderate,Calculated from uploaded data + population/coverage enrichment,"Likely missing/OCR extraction row, not trusted as true zero",True,False,True,False,False,False,b74eaa3f-69eb-467f-bd26-d54fa103d2bb.pdf,No uploaded source row
20260508,2026-05-08,rangpur,Rangpur,17610956,16317,1079.3010970153828,25.75,89.25,14.0,0.0,7.0,14.0,7.0,608.0,0.7949596830518457,34.52396337825159,29.0,7.25,100.5,99.0,102.0,100.0,0.0,Meets 95% target,27.691881852457666,Moderate,Calculated from uploaded data + population/coverage enrichment,Raw cases appear daily/newly reported after early phase,True,True,False,False,True,True,d7d30198-1c55-41fa-8c4f-33ec501d638b.pdf,d7d30198-1c55-41fa-8c4f-33ec501d638b.pdf
20260509,2026-05-09,rangpur,Rangpur,17610956,16317,1079.3010970153828,25.75,89.25,1.0,0.0,5.0,1.0,5.0,609.0,0.0567828345037032,34.58074621275529,30.0,6.0,,,,,,No data,27.691881852457666,Moderate,Calculated from uploaded data + population/coverage enrichment,Raw cases appear daily/newly reported after early phase,True,False,False,False,False,False,eb0902c8-d064-45f7-914b-6d5963222198.pdf,No uploaded source row
20260510,2026-05-10,rangpur,Rangpur,17610956,16317,1079.3010970153828,25.75,89.25,0.0,0.0,0.0,0.0,0.0,609.0,0.0,34.58074621275529,24.0,6.0,98.0,94.0,102.0,98.0,0.0,Meets 95% target,27.691881852457666,Moderate,Calculated from uploaded data + population/coverage enrichment,"Likely missing/OCR extraction row, not trusted as true zero",True,True,True,False,True,True,758c39cc-643d-469e-9fd1-ce1adfd0bbad.pdf,758c39cc-643d-469e-9fd1-ce1adfd0bbad.pdf
20260511,2026-05-11,rangpur,Rangpur,17610956,16317,1079.3010970153828,25.75,89.25,0.0,0.0,0.0,0.0,0.0,609.0,0.0,34.58074621275529,24.0,6.0,98.5,95.0,102.0,98.5,0.0,Meets 95% target,27.691881852457666,Moderate,Calculated from uploaded data + population/coverage enrichment,"Likely missing/OCR extraction row, not trusted as true zero",True,True,True,False,True,True,8a09e9e6-374b-40e7-a112-80a5e11a552f.pdf,8a09e9e6-374b-40e7-a112-80a5e11a552f.pdf
20260404,2026-04-04,sylhet,Sylhet,11034863,12596,876.0608923467768,24.89,91.87,0.0,0.0,0.0,0.0,0.0,0.0,0.0,0.0,0.0,0.0,,,,,,No data,0.0,No Data,No uploaded case rows; add DGHS/WHO/UNICEF subnational outbreak feed,No uploaded case row for this division,False,False,False,True,False,False,No uploaded source row,No uploaded source row
20260405,2026-04-05,sylhet,Sylhet,11034863,12596,876.0608923467768,24.89,91.87,0.0,0.0,0.0,0.0,0.0,0.0,0.0,0.0,0.0,0.0,,,,,,No data,0.0,No Data,No uploaded case rows; add DGHS/WHO/UNICEF subnational outbreak feed,No uploaded case row for this division,False,False,False,True,False,False,No uploaded source row,No uploaded source row
20260406,2026-04-06,sylhet,Sylhet,11034863,12596,876.0608923467768,24.89,91.87,0.0,0.0,0.0,0.0,0.0,0.0,0.0,0.0,0.0,0.0,,,,,,No data,0.0,No Data,No uploaded case rows; add DGHS/WHO/UNICEF subnational outbreak feed,No uploaded case row for this division,False,False,False,True,False,False,No uploaded source row,No uploaded source row
20260407,2026-04-07,sylhet,Sylhet,11034863,12596,876.0608923467768,24.89,91.87,0.0,0.0,0.0,0.0,0.0,0.0,0.0,0.0,0.0,0.0,,,,,,No data,0.0,No Data,No uploaded case rows; add DGHS/WHO/UNICEF subnational outbreak feed,No uploaded case row for this division,False,False,False,True,False,False,No uploaded source row,No uploaded source row
20260408,2026-04-08,sylhet,Sylhet,11034863,12596,876.0608923467768,24.89,91.87,0.0,0.0,0.0,0.0,0.0,0.0,0.0,0.0,0.0,0.0,,,,,,No data,0.0,No Data,No uploaded case rows; add DGHS/WHO/UNICEF subnational outbreak feed,No uploaded case row for this division,False,False,False,True,False,False,No uploaded source row,No uploaded source row
20260409,2026-04-09,sylhet,Sylhet,11034863,12596,876.0608923467768,24.89,91.87,0.0,0.0,0.0,0.0,0.0,0.0,0.0,0.0,0.0,0.0,,,,,,No data,0.0,No Data,No uploaded case rows; add DGHS/WHO/UNICEF subnational outbreak feed,No uploaded case row for this division,False,False,False,False,False,False,No uploaded source row,No uploaded source row
20260410,2026-04-10,sylhet,Sylhet,11034863,12596,876.0608923467768,24.89,91.87,0.0,0.0,0.0,0.0,0.0,0.0,0.0,0.0,0.0,0.0,,,,,,No data,0.0,No Data,No uploaded case rows; add DGHS/WHO/UNICEF subnational outbreak feed,No uploaded case row for this division,False,False,False,False,False,False,No uploaded source row,No uploaded source row
20260411,2026-04-11,sylhet,Sylhet,11034863,12596,876.0608923467768,24.89,91.87,0.0,0.0,0.0,0.0,0.0,0.0,0.0,0.0,0.0,0.0,,,,,,No data,0.0,No Data,No uploaded case rows; add DGHS/WHO/UNICEF subnational outbreak feed,No uploaded case row for this division,False,False,False,False,False,False,No uploaded source row,No uploaded source row
20260412,2026-04-12,sylhet,Sylhet,11034863,12596,876.0608923467768,24.89,91.87,0.0,0.0,0.0,0.0,0.0,0.0,0.0,0.0,0.0,0.0,,,,,,No data,0.0,No Data,No uploaded case rows; add DGHS/WHO/UNICEF subnational outbreak feed,No uploaded case row for this division,False,False,False,False,False,False,No uploaded source row,No uploaded source row
20260413,2026-04-13,sylhet,Sylhet,11034863,12596,876.0608923467768,24.89,91.87,0.0,0.0,0.0,0.0,0.0,0.0,0.0,0.0,0.0,0.0,,,,,,No data,0.0,No Data,No uploaded case rows; add DGHS/WHO/UNICEF subnational outbreak feed,No uploaded case row for this division,False,False,False,False,False,False,No uploaded source row,No uploaded source row
20260414,2026-04-14,sylhet,Sylhet,11034863,12596,876.0608923467768,24.89,91.87,0.0,0.0,0.0,0.0,0.0,0.0,0.0,0.0,0.0,0.0,,,,,,No data,0.0,No Data,No uploaded case rows; add DGHS/WHO/UNICEF subnational outbreak feed,No uploaded case row for this division,False,False,False,False,False,False,No uploaded source row,No uploaded source row
20260415,2026-04-15,sylhet,Sylhet,11034863,12596,876.0608923467768,24.89,91.87,0.0,0.0,0.0,0.0,0.0,0.0,0.0,0.0,0.0,0.0,,,,,,No data,0.0,No Data,No uploaded case rows; add DGHS/WHO/UNICEF subnational outbreak feed,No uploaded case row for this division,False,False,False,False,False,False,No uploaded source row,No uploaded source row
20260416,2026-04-16,sylhet,Sylhet,11034863,12596,876.0608923467768,24.89,91.87,0.0,0.0,0.0,0.0,0.0,0.0,0.0,0.0,0.0,0.0,,,,,,No data,0.0,No Data,No uploaded case rows; add DGHS/WHO/UNICEF subnational outbreak feed,No uploaded case row for this division,False,False,False,False,False,False,No uploaded source row,No uploaded source row
20260417,2026-04-17,sylhet,Sylhet,11034863,12596,876.0608923467768,24.89,91.87,0.0,0.0,0.0,0.0,0.0,0.0,0.0,0.0,0.0,0.0,,,,,,No data,0.0,No Data,No uploaded case rows; add DGHS/WHO/UNICEF subnational outbreak feed,No uploaded case row for this division,False,False,False,False,False,False,No uploaded source row,No uploaded source row
20260418,2026-04-18,sylhet,Sylhet,11034863,12596,876.0608923467768,24.89,91.87,0.0,0.0,0.0,0.0,0.0,0.0,0.0,0.0,0.0,0.0,,,,,,No data,0.0,No Data,No uploaded case rows; add DGHS/WHO/UNICEF subnational outbreak feed,No uploaded case row for this division,False,False,False,False,False,False,No uploaded source row,No uploaded source row
20260419,2026-04-19,sylhet,Sylhet,11034863,12596,876.0608923467768,24.89,91.87,0.0,0.0,0.0,0.0,0.0,0.0,0.0,0.0,0.0,0.0,,,,,,No data,0.0,No Data,No uploaded case rows; add DGHS/WHO/UNICEF subnational outbreak feed,No uploaded case row for this division,False,False,False,False,False,False,No uploaded source row,No uploaded source row
20260420,2026-04-20,sylhet,Sylhet,11034863,12596,876.0608923467768,24.89,91.87,0.0,0.0,0.0,0.0,0.0,0.0,0.0,0.0,0.0,0.0,,,,,,No data,0.0,No Data,No uploaded case rows; add DGHS/WHO/UNICEF subnational outbreak feed,No uploaded case row for this division,False,False,False,False,False,False,No uploaded source row,No uploaded source row
20260421,2026-04-21,sylhet,Sylhet,11034863,12596,876.0608923467768,24.89,91.87,0.0,0.0,0.0,0.0,0.0,0.0,0.0,0.0,0.0,0.0,,,,,,No data,0.0,No Data,No uploaded case rows; add DGHS/WHO/UNICEF subnational outbreak feed,No uploaded case row for this division,False,False,False,False,False,False,No uploaded source row,No uploaded source row
20260422,2026-04-22,sylhet,Sylhet,11034863,12596,876.0608923467768,24.89,91.87,0.0,0.0,0.0,0.0,0.0,0.0,0.0,0.0,0.0,0.0,,,,,,No data,0.0,No Data,No uploaded case rows; add DGHS/WHO/UNICEF subnational outbreak feed,No uploaded case row for this division,False,False,False,False,False,False,No uploaded source row,No uploaded source row
20260423,2026-04-23,sylhet,Sylhet,11034863,12596,876.0608923467768,24.89,91.87,0.0,0.0,0.0,0.0,0.0,0.0,0.0,0.0,0.0,0.0,,,,,,No data,0.0,No Data,No uploaded case rows; add DGHS/WHO/UNICEF subnational outbreak feed,No uploaded case row for this division,False,False,False,False,False,False,No uploaded source row,No uploaded source row
20260424,2026-04-24,sylhet,Sylhet,11034863,12596,876.0608923467768,24.89,91.87,0.0,0.0,0.0,0.0,0.0,0.0,0.0,0.0,0.0,0.0,,,,,,No data,0.0,No Data,No uploaded case rows; add DGHS/WHO/UNICEF subnational outbreak feed,No uploaded case row for this division,False,False,False,False,False,False,No uploaded source row,No uploaded source row
20260425,2026-04-25,sylhet,Sylhet,11034863,12596,876.0608923467768,24.89,91.87,0.0,0.0,0.0,0.0,0.0,0.0,0.0,0.0,0.0,0.0,,,,,,No data,0.0,No Data,No uploaded case rows; add DGHS/WHO/UNICEF subnational outbreak feed,No uploaded case row for this division,False,False,False,False,False,False,No uploaded source row,No uploaded source row
20260426,2026-04-26,sylhet,Sylhet,11034863,12596,876.0608923467768,24.89,91.87,0.0,0.0,0.0,0.0,0.0,0.0,0.0,0.0,0.0,0.0,,,,,,No data,0.0,No Data,No uploaded case rows; add DGHS/WHO/UNICEF subnational outbreak feed,No uploaded case row for this division,False,False,False,False,False,False,No uploaded source row,No uploaded source row
20260427,2026-04-27,sylhet,Sylhet,11034863,12596,876.0608923467768,24.89,91.87,0.0,0.0,0.0,0.0,0.0,0.0,0.0,0.0,0.0,0.0,,,,,,No data,0.0,No Data,No uploaded case rows; add DGHS/WHO/UNICEF subnational outbreak feed,No uploaded case row for this division,False,False,False,False,False,False,No uploaded source row,No uploaded source row
20260428,2026-04-28,sylhet,Sylhet,11034863,12596,876.0608923467768,24.89,91.87,0.0,0.0,0.0,0.0,0.0,0.0,0.0,0.0,0.0,0.0,,,,,,No data,0.0,No Data,No uploaded case rows; add DGHS/WHO/UNICEF subnational outbreak feed,No uploaded case row for this division,False,False,False,False,False,False,No uploaded source row,No uploaded source row
20260429,2026-04-29,sylhet,Sylhet,11034863,12596,876.0608923467768,24.89,91.87,0.0,0.0,0.0,0.0,0.0,0.0,0.0,0.0,0.0,0.0,,,,,,No data,0.0,No Data,No uploaded case rows; add DGHS/WHO/UNICEF subnational outbreak feed,No uploaded case row for this division,False,False,False,False,False,False,No uploaded source row,No uploaded source row
20260430,2026-04-30,sylhet,Sylhet,11034863,12596,876.0608923467768,24.89,91.87,0.0,0.0,0.0,0.0,0.0,0.0,0.0,0.0,0.0,0.0,,,,,,No data,0.0,No Data,No uploaded case rows; add DGHS/WHO/UNICEF subnational outbreak feed,No uploaded case row for this division,False,False,False,False,False,False,No uploaded source row,No uploaded source row
20260501,2026-05-01,sylhet,Sylhet,11034863,12596,876.0608923467768,24.89,91.87,0.0,0.0,0.0,0.0,0.0,0.0,0.0,0.0,0.0,0.0,,,,,,No data,0.0,No Data,No uploaded case rows; add DGHS/WHO/UNICEF subnational outbreak feed,No uploaded case row for this division,False,False,False,False,False,False,No uploaded source row,No uploaded source row
20260502,2026-05-02,sylhet,Sylhet,11034863,12596,876.0608923467768,24.89,91.87,0.0,0.0,0.0,0.0,0.0,0.0,0.0,0.0,0.0,0.0,,,,,,No data,0.0,No Data,No uploaded case rows; add DGHS/WHO/UNICEF subnational outbreak feed,No uploaded case row for this division,False,False,False,False,False,False,No uploaded source row,No uploaded source row
20260503,2026-05-03,sylhet,Sylhet,11034863,12596,876.0608923467768,24.89,91.87,0.0,0.0,0.0,0.0,0.0,0.0,0.0,0.0,0.0,0.0,,,,,,No data,0.0,No Data,No uploaded case rows; add DGHS/WHO/UNICEF subnational outbreak feed,No uploaded case row for this division,False,False,False,False,False,False,No uploaded source row,No uploaded source row
20260504,2026-05-04,sylhet,Sylhet,11034863,12596,876.0608923467768,24.89,91.87,0.0,0.0,0.0,0.0,0.0,0.0,0.0,0.0,0.0,0.0,,,,,,No data,0.0,No Data,No uploaded case rows; add DGHS/WHO/UNICEF subnational outbreak feed,No uploaded case row for this division,False,False,False,False,False,False,No uploaded source row,No uploaded source row
20260505,2026-05-05,sylhet,Sylhet,11034863,12596,876.0608923467768,24.89,91.87,0.0,0.0,0.0,0.0,0.0,0.0,0.0,0.0,0.0,0.0,,,,,,No data,0.0,No Data,No uploaded case rows; add DGHS/WHO/UNICEF subnational outbreak feed,No uploaded case row for this division,False,False,False,False,False,False,No uploaded source row,No uploaded source row
20260506,2026-05-06,sylhet,Sylhet,11034863,12596,876.0608923467768,24.89,91.87,0.0,0.0,0.0,0.0,0.0,0.0,0.0,0.0,0.0,0.0,,,,,,No data,0.0,No Data,No uploaded case rows; add DGHS/WHO/UNICEF subnational outbreak feed,No uploaded case row for this division,False,False,False,False,False,False,No uploaded source row,No uploaded source row
20260507,2026-05-07,sylhet,Sylhet,11034863,12596,876.0608923467768,24.89,91.87,0.0,0.0,0.0,0.0,0.0,0.0,0.0,0.0,0.0,0.0,,,,,,No data,0.0,No Data,No uploaded case rows; add DGHS/WHO/UNICEF subnational outbreak feed,No uploaded case row for this division,False,False,False,False,False,False,No uploaded source row,No uploaded source row
20260508,2026-05-08,sylhet,Sylhet,11034863,12596,876.0608923467768,24.89,91.87,0.0,0.0,0.0,0.0,0.0,0.0,0.0,0.0,0.0,0.0,,,,,,No data,0.0,No Data,No uploaded case rows; add DGHS/WHO/UNICEF subnational outbreak feed,No uploaded case row for this division,False,False,False,False,False,False,No uploaded source row,No uploaded source row
20260509,2026-05-09,sylhet,Sylhet,11034863,12596,876.0608923467768,24.89,91.87,0.0,0.0,0.0,0.0,0.0,0.0,0.0,0.0,0.0,0.0,,,,,,No data,0.0,No Data,No uploaded case rows; add DGHS/WHO/UNICEF subnational outbreak feed,No uploaded case row for this division,False,False,False,False,False,False,No uploaded source row,No uploaded source row
20260510,2026-05-10,sylhet,Sylhet,11034863,12596,876.0608923467768,24.89,91.87,0.0,0.0,0.0,0.0,0.0,0.0,0.0,0.0,0.0,0.0,,,,,,No data,0.0,No Data,No uploaded case rows; add DGHS/WHO/UNICEF subnational outbreak feed,No uploaded case row for this division,False,False,False,False,False,False,No uploaded source row,No uploaded source row
20260511,2026-05-11,sylhet,Sylhet,11034863,12596,876.0608923467768,24.89,91.87,0.0,0.0,0.0,0.0,0.0,0.0,0.0,0.0,0.0,0.0,,,,,,No data,0.0,No Data,No uploaded case rows; add DGHS/WHO/UNICEF subnational outbreak feed,No uploaded case row for this division,False,False,False,False,False,False,No uploaded source row,No uploaded source row
